index,date,value
75453,2008-01-01,2.24
75453,2008-01-02,2.58
75453,2008-01-03,2.58
75453,2008-01-04,2.58
75453,2008-01-05,2.58
75453,2008-01-06,2.51
75453,2008-01-07,2.4
75453,2008-01-08,2.29
75453,2008-01-09,2.18
75453,2008-01-10,2.13
75453,2008-01-11,2.13
75453,2008-01-12,2.13
75453,2008-01-13,2.13
75453,2008-01-14,2.18
75453,2008-01-15,2.24
75453,2008-01-16,2.24
75453,2008-01-17,2.24
75453,2008-01-18,2.24
75453,2008-01-19,2.24
75453,2008-01-20,2.18
75453,2008-01-21,2.18
75453,2008-01-22,2.18
75453,2008-01-23,2.18
75453,2008-01-24,2.18
75453,2008-01-25,2.24
75453,2008-01-26,2.24
75453,2008-01-27,2.24
75453,2008-01-28,2.24
75453,2008-01-29,2.24
75453,2008-01-30,2.24
75453,2008-01-31,2.18
75453,2008-02-01,2.18
75453,2008-02-02,2.18
75453,2008-02-03,2.18
75453,2008-02-04,2.18
75453,2008-02-05,2.18
75453,2008-02-06,2.18
75453,2008-02-07,2.13
75453,2008-02-08,2.02
75453,2008-02-09,1.92
75453,2008-02-10,1.82
75453,2008-02-11,1.88
75453,2008-02-12,1.92
75453,2008-02-13,2.02
75453,2008-02-14,2.13
75453,2008-02-15,2.24
75453,2008-02-16,2.24
75453,2008-02-17,2.18
75453,2008-02-18,1.92
75453,2008-02-19,1.82
75453,2008-02-20,1.78
75453,2008-02-21,1.78
75453,2008-02-22,2.02
75453,2008-02-23,2.63
75453,2008-02-24,3.34
75453,2008-02-25,3.84
75453,2008-02-26,12
75453,2008-02-27,11.8
75453,2008-02-28,16.4
75453,2008-02-29,28
75453,2008-03-01,25.8
75453,2008-03-02,15.4
75453,2008-03-03,21.6
75453,2008-03-04,20.7
75453,2008-03-05,12
75453,2008-03-06,8.53
75453,2008-03-07,5.25
75453,2008-03-08,3.92
75453,2008-03-09,3.48
75453,2008-03-10,3.01
75453,2008-03-11,2.69
75453,2008-03-12,2.76
75453,2008-03-13,6.51
75453,2008-03-14,10.6
75453,2008-03-15,11
75453,2008-03-16,11.7
75453,2008-03-17,3.65
75453,2008-03-18,4.14
75453,2008-03-19,3.28
75453,2008-03-20,3.31
75453,2008-03-21,3.7
75453,2008-03-22,3.65
75453,2008-03-23,3.39
75453,2008-03-24,4.35
75453,2008-03-25,10.6
75453,2008-03-26,28.5
75453,2008-03-27,22.2
75453,2008-03-28,12.6
75453,2008-03-29,8.84
75453,2008-03-30,7.14
75453,2008-03-31,4.45
75453,2008-04-01,4.2
75453,2008-04-02,3.8
75453,2008-04-03,3.57
75453,2008-04-04,3.57
75453,2008-04-05,3.5
75453,2008-04-06,3.42
75453,2008-04-07,3.42
75453,2008-04-08,3.35
75453,2008-04-09,3.21
75453,2008-04-10,3
75453,2008-04-11,2.87
75453,2008-04-12,2.74
75453,2008-04-13,2.67
75453,2008-04-14,2.74
75453,2008-04-15,2.8
75453,2008-04-16,2.74
75453,2008-04-17,2.74
75453,2008-04-18,2.74
75453,2008-04-19,2.74
75453,2008-04-20,2.74
75453,2008-04-21,2.8
75453,2008-04-22,3.42
75453,2008-04-23,5.17
75453,2008-04-24,4.98
75453,2008-04-25,3.96
75453,2008-04-26,3.5
75453,2008-04-27,3.14
75453,2008-04-28,2.93
75453,2008-04-29,2.87
75453,2008-04-30,2.61
75453,2008-05-01,2.61
75453,2008-05-02,2.61
75453,2008-05-03,2.55
75453,2008-05-04,2.49
75453,2008-05-05,2.49
75453,2008-05-06,2.43
75453,2008-05-07,2.2
75453,2008-05-08,2.2
75453,2008-05-09,2.14
75453,2008-05-10,2.09
75453,2008-05-11,2.03
75453,2008-05-12,1.98
75453,2008-05-13,2.03
75453,2008-05-14,2.14
75453,2008-05-15,2.14
75453,2008-05-16,2.14
75453,2008-05-17,2.14
75453,2008-05-18,2.14
75453,2008-05-19,2.09
75453,2008-05-20,2.09
75453,2008-05-21,2.2
75453,2008-05-22,2.31
75453,2008-05-23,2.55
75453,2008-05-24,3
75453,2008-05-25,3.8
75453,2008-05-26,6.37
75453,2008-05-27,9.63
75453,2008-05-28,8.58
75453,2008-05-29,6.06
75453,2008-05-30,3.57
75453,2008-05-31,2.67
75453,2008-06-01,2.61
75453,2008-06-02,2.55
75453,2008-06-03,2.55
75453,2008-06-04,2.55
75453,2008-06-05,2.55
75453,2008-06-06,2.55
75453,2008-06-07,2.55
75453,2008-06-08,2.55
75453,2008-06-09,2.55
75453,2008-06-10,2.49
75453,2008-06-11,2.43
75453,2008-06-12,2.43
75453,2008-06-13,2.43
75453,2008-06-14,2.37
75453,2008-06-15,2.31
75453,2008-06-16,2.37
75453,2008-06-17,2.43
75453,2008-06-18,2.37
75453,2008-06-19,2.31
75453,2008-06-20,2.25
75453,2008-06-21,2.2
75453,2008-06-22,2.2
75453,2008-06-23,2.14
75453,2008-06-24,2.14
75453,2008-06-25,2.14
75453,2008-06-26,2.14
75453,2008-06-27,2.14
75453,2008-06-28,2.14
75453,2008-06-29,2.2
75453,2008-06-30,2.2
75453,2008-07-01,2.2
75453,2008-07-02,2.2
75453,2008-07-03,2.2
75453,2008-07-04,2.25
75453,2008-07-05,2.49
75453,2008-07-06,2.8
75453,2008-07-07,2.93
75453,2008-07-08,2.93
75453,2008-07-09,2.93
75453,2008-07-10,2.93
75453,2008-07-11,2.93
75453,2008-07-12,2.93
75453,2008-07-13,2.93
75453,2008-07-14,2.93
75453,2008-07-15,2.93
75453,2008-07-16,3.07
75453,2008-07-17,3.5
75453,2008-07-18,3.72
75453,2008-07-19,4.2
75453,2008-07-20,4.63
75453,2008-07-21,5.08
75453,2008-07-22,5.08
75453,2008-07-23,4.98
75453,2008-07-24,4.89
75453,2008-07-25,4.45
75453,2008-07-26,4.37
75453,2008-07-27,3.96
75453,2008-07-28,3.5
75453,2008-07-29,3.28
75453,2008-07-30,3.28
75453,2008-07-31,3.28
75453,2008-08-01,3.28
75453,2008-08-02,3.27
75453,2008-08-03,3.25
75453,2008-08-04,3.24
75453,2008-08-05,3.23
75453,2008-08-06,3.29
75453,2008-08-07,3.27
75453,2008-08-08,3.19
75453,2008-08-09,3.11
75453,2008-08-10,2.96
75453,2008-08-11,2.88
75453,2008-08-12,2.87
75453,2008-08-13,2.86
75453,2008-08-14,2.85
75453,2008-08-15,2.84
75453,2008-08-16,2.89
75453,2008-08-17,2.88
75453,2008-08-18,2.87
75453,2008-08-19,2.86
75453,2008-08-20,2.84
75453,2008-08-21,2.77
75453,2008-08-22,2.69
75453,2008-08-23,2.63
75453,2008-08-24,2.55
75453,2008-08-25,2.54
75453,2008-08-26,2.48
75453,2008-08-27,2.47
75453,2008-08-28,2.46
75453,2008-08-29,2.45
75453,2008-08-30,2.44
75453,2008-08-31,2.43
75453,2008-09-01,2.42
75453,2008-09-02,2.41
75453,2008-09-03,2.45
75453,2008-09-04,2.43
75453,2008-09-05,2.47
75453,2008-09-06,2.45
75453,2008-09-07,2.44
75453,2008-09-08,2.47
75453,2008-09-09,2.45
75453,2008-09-10,2.49
75453,2008-09-11,2.49
75453,2008-09-12,2.49
75453,2008-09-13,2.49
75453,2008-09-14,2.49
75453,2008-09-15,2.55
75453,2008-09-16,2.61
75453,2008-09-17,2.61
75453,2008-09-18,2.61
75453,2008-09-19,2.55
75453,2008-09-20,2.55
75453,2008-09-21,2.49
75453,2008-09-22,2.49
75453,2008-09-23,2.49
75453,2008-09-24,2.49
75453,2008-09-25,2.49
75453,2008-09-26,2.49
75453,2008-09-27,2.49
75453,2008-09-28,2.49
75453,2008-09-29,2.49
75453,2008-09-30,2.49
75453,2008-10-01,2.49
75453,2008-10-02,2.43
75453,2008-10-03,2.43
75453,2008-10-04,2.43
75453,2008-10-05,2.43
75453,2008-10-06,2.43
75453,2008-10-07,2.43
75453,2008-10-08,2.43
75453,2008-10-09,2.43
75453,2008-10-10,2.43
75453,2008-10-11,2.61
75453,2008-10-12,2.61
75453,2008-10-13,2.61
75453,2008-10-14,2.61
75453,2008-10-15,2.61
75453,2008-10-16,2.61
75453,2008-10-17,2.61
75453,2008-10-18,2.61
75453,2008-10-19,2.61
75453,2008-10-20,2.61
75453,2008-10-21,2.61
75453,2008-10-22,2.61
75453,2008-10-23,2.61
75453,2008-10-24,2.61
75453,2008-10-25,2.61
75453,2008-10-26,2.61
75453,2008-10-27,2.61
75453,2008-10-28,2.61
75453,2008-10-29,2.61
75453,2008-10-30,2.61
75453,2008-10-31,2.61
75453,2008-11-01,2.61
75453,2008-11-02,2.61
75453,2008-11-03,2.61
75453,2008-11-04,2.31
75453,2008-11-05,2.14
75453,2008-11-06,2.09
75453,2008-11-07,2.09
75453,2008-11-08,2.09
75453,2008-11-09,2.03
75453,2008-11-10,2.03
75453,2008-11-11,2.03
75453,2008-11-12,2.03
75453,2008-11-13,2.03
75453,2008-11-14,2.03
75453,2008-11-15,2.03
75453,2008-11-16,1.98
75453,2008-11-17,1.98
75453,2008-11-18,1.98
75453,2008-11-19,1.98
75453,2008-11-20,1.98
75453,2008-11-21,1.98
75453,2008-11-22,1.98
75453,2008-11-23,1.98
75453,2008-11-24,1.98
75453,2008-11-25,1.98
75453,2008-11-26,2.03
75453,2008-11-27,2.14
75453,2008-11-28,2.2
75453,2008-11-29,2.25
75453,2008-11-30,2.25
75453,2008-12-01,2.25
75453,2008-12-02,2.37
75453,2008-12-03,2.43
75453,2008-12-04,2.55
75453,2008-12-05,2.55
75453,2008-12-06,2.55
75453,2008-12-07,2.61
75453,2008-12-08,3
75453,2008-12-09,3.42
75453,2008-12-10,3.57
75453,2008-12-11,6.48
75453,2008-12-12,9.77
75453,2008-12-13,9.77
75453,2008-12-14,9.77
75453,2008-12-15,9.36
75453,2008-12-16,7.96
75453,2008-12-17,6.48
75453,2008-12-18,5.46
75453,2008-12-19,4.63
75453,2008-12-20,3.96
75453,2008-12-21,3.42
75453,2008-12-22,2.87
75453,2008-12-23,2.55
75453,2008-12-24,2.55
75453,2008-12-25,2.49
75453,2008-12-26,2.25
75453,2008-12-27,2.2
75453,2008-12-28,2.2
75453,2008-12-29,2.25
75453,2008-12-30,2.14
75453,2008-12-31,2.14
75453,2009-01-01,1.89
75453,2009-01-02,1.87
75453,2009-01-03,1.87
75453,2009-01-04,1.87
75453,2009-01-05,1.87
75453,2009-01-06,1.84
75453,2009-01-07,1.84
75453,2009-01-08,1.84
75453,2009-01-09,1.84
75453,2009-01-10,1.84
75453,2009-01-11,1.82
75453,2009-01-12,1.82
75453,2009-01-13,1.82
75453,2009-01-14,1.82
75453,2009-01-15,1.8
75453,2009-01-16,1.84
75453,2009-01-17,1.84
75453,2009-01-18,1.84
75453,2009-01-19,1.81
75453,2009-01-20,1.81
75453,2009-01-21,1.85
75453,2009-01-22,1.85
75453,2009-01-23,1.83
75453,2009-01-24,1.83
75453,2009-01-25,1.83
75453,2009-01-26,1.79
75453,2009-01-27,1.74
75453,2009-01-28,1.74
75453,2009-01-29,1.74
75453,2009-01-30,1.74
75453,2009-01-31,1.74
75453,2009-02-01,1.72
75453,2009-02-02,1.72
75453,2009-02-03,1.81
75453,2009-02-04,1.85
75453,2009-02-05,1.78
75453,2009-02-06,1.78
75453,2009-02-07,1.78
75453,2009-02-08,1.78
75453,2009-02-09,1.81
75453,2009-02-10,1.79
75453,2009-02-11,1.79
75453,2009-02-12,1.76
75453,2009-02-13,1.73
75453,2009-02-14,1.73
75453,2009-02-15,1.73
75453,2009-02-16,1.73
75453,2009-02-17,1.76
75453,2009-02-18,1.76
75453,2009-02-19,1.76
75453,2009-02-20,1.76
75453,2009-02-21,1.7
75453,2009-02-22,1.63
75453,2009-02-23,1.63
75453,2009-02-24,1.63
75453,2009-02-25,1.63
75453,2009-02-26,1.63
75453,2009-02-27,1.63
75453,2009-02-28,1.63
75453,2009-03-01,1.63
75453,2009-03-02,1.65
75453,2009-03-03,1.65
75453,2009-03-04,1.65
75453,2009-03-05,1.65
75453,2009-03-06,1.62
75453,2009-03-07,1.64
75453,2009-03-08,1.64
75453,2009-03-09,1.64
75453,2009-03-10,1.64
75453,2009-03-11,1.64
75453,2009-03-12,1.64
75453,2009-03-13,1.64
75453,2009-03-14,1.66
75453,2009-03-15,1.66
75453,2009-03-16,1.66
75453,2009-03-17,1.71
75453,2009-03-18,1.71
75453,2009-03-19,1.71
75453,2009-03-20,1.73
75453,2009-03-21,1.73
75453,2009-03-22,1.75
75453,2009-03-23,1.77
75453,2009-03-24,1.8
75453,2009-03-25,1.82
75453,2009-03-26,1.84
75453,2009-03-27,1.86
75453,2009-03-28,1.78
75453,2009-03-29,1.82
75453,2009-03-30,1.86
75453,2009-03-31,2
75453,2009-04-01,2.56
75453,2009-04-02,4.52
75453,2009-04-03,11.1
75453,2009-04-04,14.6
75453,2009-04-05,14.3
75453,2009-04-06,13.4
75453,2009-04-07,35.1
75453,2009-04-08,35.5
75453,2009-04-09,23.5
75453,2009-04-10,21.1
75453,2009-04-11,11.3
75453,2009-04-12,10.4
75453,2009-04-13,10.4
75453,2009-04-14,10.4
75453,2009-04-15,9.04
75453,2009-04-16,9.04
75453,2009-04-17,8.6
75453,2009-04-18,7.52
75453,2009-04-19,8
75453,2009-04-20,7.8
75453,2009-04-21,7.8
75453,2009-04-22,7.44
75453,2009-04-23,6.88
75453,2009-04-24,5.55
75453,2009-04-25,4.56
75453,2009-04-26,4.56
75453,2009-04-27,4.52
75453,2009-04-28,4.17
75453,2009-04-29,4.17
75453,2009-04-30,4.1
75453,2009-05-01,4.1
75453,2009-05-02,3.99
75453,2009-05-03,3.99
75453,2009-05-04,3.99
75453,2009-05-05,3.92
75453,2009-05-06,3.92
75453,2009-05-07,3.92
75453,2009-05-08,3.89
75453,2009-05-09,3.64
75453,2009-05-10,3.55
75453,2009-05-11,3.49
75453,2009-05-12,3.49
75453,2009-05-13,3.49
75453,2009-05-14,3.46
75453,2009-05-15,3.46
75453,2009-05-16,3.46
75453,2009-05-17,3.46
75453,2009-05-18,3.46
75453,2009-05-19,3.46
75453,2009-05-20,3.46
75453,2009-05-21,3.52
75453,2009-05-22,3.52
75453,2009-05-23,3.58
75453,2009-05-24,3.64
75453,2009-05-25,3.73
75453,2009-05-26,3.76
75453,2009-05-27,3.67
75453,2009-05-28,3.61
75453,2009-05-29,3.58
75453,2009-05-30,3.55
75453,2009-05-31,3.55
75453,2009-06-01,3.55
75453,2009-06-02,3.55
75453,2009-06-03,3.55
75453,2009-06-04,3.55
75453,2009-06-05,3.55
75453,2009-06-06,3.58
75453,2009-06-07,3.58
75453,2009-06-08,3.58
75453,2009-06-09,3.61
75453,2009-06-10,3.61
75453,2009-06-11,3.61
75453,2009-06-12,3.61
75453,2009-06-13,3.61
75453,2009-06-14,3.61
75453,2009-06-15,3.61
75453,2009-06-16,3.61
75453,2009-06-17,3.61
75453,2009-06-18,3.61
75453,2009-06-19,3.61
75453,2009-06-20,3.61
75453,2009-06-21,3.61
75453,2009-06-22,3.61
75453,2009-06-23,3.61
75453,2009-06-24,3.58
75453,2009-06-25,3.58
75453,2009-06-26,3.58
75453,2009-06-27,3.58
75453,2009-06-28,3.58
75453,2009-06-29,3.58
75453,2009-06-30,3.58
75453,2009-07-01,3.58
75453,2009-07-02,3.58
75453,2009-07-03,3.58
75453,2009-07-04,3.58
75453,2009-07-05,3.58
75453,2009-07-06,3.58
75453,2009-07-07,3.61
75453,2009-07-08,3.73
75453,2009-07-09,3.76
75453,2009-07-10,3.76
75453,2009-07-11,3.76
75453,2009-07-12,3.76
75453,2009-07-13,3.76
75453,2009-07-14,3.76
75453,2009-07-15,3.76
75453,2009-07-16,3.76
75453,2009-07-17,3.76
75453,2009-07-18,3.76
75453,2009-07-19,3.76
75453,2009-07-20,3.76
75453,2009-07-21,3.76
75453,2009-07-22,3.76
75453,2009-07-23,3.85
75453,2009-07-24,3.85
75453,2009-07-25,3.85
75453,2009-07-26,3.85
75453,2009-07-27,3.85
75453,2009-07-28,3.85
75453,2009-07-29,3.85
75453,2009-07-30,3.85
75453,2009-07-31,3.85
75453,2009-08-01,3.85
75453,2009-08-02,3.85
75453,2009-08-03,3.85
75453,2009-08-04,3.85
75453,2009-08-05,3.85
75453,2009-08-06,3.85
75453,2009-08-07,3.89
75453,2009-08-08,3.89
75453,2009-08-09,3.89
75453,2009-08-10,3.89
75453,2009-08-11,3.89
75453,2009-08-12,3.89
75453,2009-08-13,3.89
75453,2009-08-14,3.89
75453,2009-08-15,3.89
75453,2009-08-16,3.89
75453,2009-08-17,3.89
75453,2009-08-18,3.89
75453,2009-08-19,3.89
75453,2009-08-20,3.89
75453,2009-08-21,3.89
75453,2009-08-22,3.89
75453,2009-08-23,3.89
75453,2009-08-24,3.89
75453,2009-08-25,3.89
75453,2009-08-26,3.89
75453,2009-08-27,3.89
75453,2009-08-28,3.89
75453,2009-08-29,3.89
75453,2009-08-30,3.89
75453,2009-08-31,3.89
75453,2009-09-01,3.89
75453,2009-09-02,3.85
75453,2009-09-03,3.76
75453,2009-09-04,3.73
75453,2009-09-05,3.64
75453,2009-09-06,3.64
75453,2009-09-07,3.64
75453,2009-09-08,3.64
75453,2009-09-09,3.64
75453,2009-09-10,3.64
75453,2009-09-11,3.64
75453,2009-09-12,3.64
75453,2009-09-13,3.64
75453,2009-09-14,3.64
75453,2009-09-15,3.64
75453,2009-09-16,3.64
75453,2009-09-17,3.64
75453,2009-09-18,3.64
75453,2009-09-19,3.64
75453,2009-09-20,3.64
75453,2009-09-21,3.64
75453,2009-09-22,3.64
75453,2009-09-23,3.61
75453,2009-09-24,3.55
75453,2009-09-25,3.52
75453,2009-09-26,3.52
75453,2009-09-27,3.52
75453,2009-09-28,3.52
75453,2009-09-29,3.52
75453,2009-09-30,3.52
75453,2009-10-01,3.53
75453,2009-10-02,3.55
75453,2009-10-03,3.55
75453,2009-10-04,3.55
75453,2009-10-05,3.55
75453,2009-10-06,3.52
75453,2009-10-07,3.52
75453,2009-10-08,3.52
75453,2009-10-09,3.52
75453,2009-10-10,3.52
75453,2009-10-11,3.52
75453,2009-10-12,3.55
75453,2009-10-13,3.55
75453,2009-10-14,3.55
75453,2009-10-15,3.55
75453,2009-10-16,3.55
75453,2009-10-17,3.55
75453,2009-10-18,3.55
75453,2009-10-19,3.55
75453,2009-10-20,3.55
75453,2009-10-21,3.55
75453,2009-10-22,3.55
75453,2009-10-23,3.55
75453,2009-10-24,3.55
75453,2009-10-25,3.64
75453,2009-10-26,3.73
75453,2009-10-27,3.79
75453,2009-10-28,3.85
75453,2009-10-29,3.85
75453,2009-10-30,3.85
75453,2009-10-31,3.85
75453,2009-11-01,3.79
75453,2009-11-02,3.79
75453,2009-11-03,3.79
75453,2009-11-04,3.79
75453,2009-11-05,3.79
75453,2009-11-06,3.79
75453,2009-11-07,3.79
75453,2009-11-08,3.79
75453,2009-11-09,3.79
75453,2009-11-10,3.76
75453,2009-11-11,3.7
75453,2009-11-12,3.7
75453,2009-11-13,3.7
75453,2009-11-14,3.7
75453,2009-11-15,3.7
75453,2009-11-16,3.7
75453,2009-11-17,3.7
75453,2009-11-18,3.7
75453,2009-11-19,3.73
75453,2009-11-20,3.76
75453,2009-11-21,3.79
75453,2009-11-22,3.82
75453,2009-11-23,3.82
75453,2009-11-24,3.82
75453,2009-11-25,3.82
75453,2009-11-26,3.82
75453,2009-11-27,3.82
75453,2009-11-28,3.82
75453,2009-11-29,3.85
75453,2009-11-30,3.92
75453,2009-12-01,3.92
75453,2009-12-02,3.92
75453,2009-12-03,3.92
75453,2009-12-04,3.92
75453,2009-12-05,3.92
75453,2009-12-06,3.92
75453,2009-12-07,3.73
75453,2009-12-08,3.6
75453,2009-12-09,3.5
75453,2009-12-10,3.43
75453,2009-12-11,3.27
75453,2009-12-12,3.16
75453,2009-12-13,3.05
75453,2009-12-14,2.94
75453,2009-12-15,2.83
75453,2009-12-16,2.75
75453,2009-12-17,2.76
75453,2009-12-18,2.74
75453,2009-12-19,2.73
75453,2009-12-20,2.73
75453,2009-12-21,2.73
75453,2009-12-22,2.73
75453,2009-12-23,2.73
75453,2009-12-24,2.76
75453,2009-12-25,2.78
75453,2009-12-26,2.77
75453,2009-12-27,2.77
75453,2009-12-28,2.77
75453,2009-12-29,2.77
75453,2009-12-30,2.77
75453,2009-12-31,2.77
75453,2010-01-01,2.77
75453,2010-01-02,2.77
75453,2010-01-03,2.77
75453,2010-01-04,2.74
75453,2010-01-05,2.74
75453,2010-01-06,2.74
75453,2010-01-07,2.74
75453,2010-01-08,2.74
75453,2010-01-09,2.74
75453,2010-01-10,2.7
75453,2010-01-11,2.67
75453,2010-01-12,2.67
75453,2010-01-13,2.67
75453,2010-01-14,2.67
75453,2010-01-15,2.67
75453,2010-01-16,2.67
75453,2010-01-17,2.67
75453,2010-01-18,2.67
75453,2010-01-19,2.67
75453,2010-01-20,2.63
75453,2010-01-21,2.65
75453,2010-01-22,2.65
75453,2010-01-23,2.65
75453,2010-01-24,2.65
75453,2010-01-25,2.67
75453,2010-01-26,2.67
75453,2010-01-27,2.67
75453,2010-01-28,2.67
75453,2010-01-29,2.67
75453,2010-01-30,2.67
75453,2010-01-31,2.59
75453,2010-02-01,2.59
75453,2010-02-02,2.59
75453,2010-02-03,2.59
75453,2010-02-04,2.59
75453,2010-02-05,2.59
75453,2010-02-06,2.59
75453,2010-02-07,2.59
75453,2010-02-08,2.63
75453,2010-02-09,2.63
75453,2010-02-10,2.63
75453,2010-02-11,2.63
75453,2010-02-12,2.67
75453,2010-02-13,2.67
75453,2010-02-14,2.67
75453,2010-02-15,2.67
75453,2010-02-16,2.67
75453,2010-02-17,2.71
75453,2010-02-18,2.76
75453,2010-02-19,2.81
75453,2010-02-20,2.86
75453,2010-02-21,2.89
75453,2010-02-22,2.98
75453,2010-02-23,3.02
75453,2010-02-24,3.02
75453,2010-02-25,3.02
75453,2010-02-26,3.02
75453,2010-02-27,3.02
75453,2010-02-28,3.02
75453,2010-03-01,3.02
75453,2010-03-02,3.02
75453,2010-03-03,2.96
75453,2010-03-04,2.96
75453,2010-03-05,2.96
75453,2010-03-06,2.96
75453,2010-03-07,3
75453,2010-03-08,2.84
75453,2010-03-09,2.72
75453,2010-03-10,2.65
75453,2010-03-11,2.65
75453,2010-03-12,2.65
75453,2010-03-13,2.65
75453,2010-03-14,2.65
75453,2010-03-15,2.59
75453,2010-03-16,2.57
75453,2010-03-17,2.57
75453,2010-03-18,2.58
75453,2010-03-19,2.58
75453,2010-03-20,2.62
75453,2010-03-21,5.45
75453,2010-03-22,5.81
75453,2010-03-23,9.1
75453,2010-03-24,33.4
75453,2010-03-25,17.9
75453,2010-03-26,11.4
75453,2010-03-27,12.2
75453,2010-03-28,19.4
75453,2010-03-29,37.4
75453,2010-03-30,54.3
75453,2010-03-31,46.3
75453,2010-04-01,35.1
75453,2010-04-02,22.3
75453,2010-04-03,15.2
75453,2010-04-04,11.3
75453,2010-04-05,7.7
75453,2010-04-06,7.6
75453,2010-04-07,7.36
75453,2010-04-08,7.28
75453,2010-04-09,7.28
75453,2010-04-10,6.56
75453,2010-04-11,6
75453,2010-04-12,5.4
75453,2010-04-13,4.83
75453,2010-04-14,4.61
75453,2010-04-15,4.61
75453,2010-04-16,4.52
75453,2010-04-17,4.47
75453,2010-04-18,4.47
75453,2010-04-19,4.47
75453,2010-04-20,4.38
75453,2010-04-21,4.17
75453,2010-04-22,4.06
75453,2010-04-23,4.06
75453,2010-04-24,3.99
75453,2010-04-25,3.99
75453,2010-04-26,3.96
75453,2010-04-27,3.96
75453,2010-04-28,3.96
75453,2010-04-29,3.89
75453,2010-04-30,3.85
75453,2010-05-01,3.85
75453,2010-05-02,3.85
75453,2010-05-03,3.85
75453,2010-05-04,3.79
75453,2010-05-05,3.76
75453,2010-05-06,3.7
75453,2010-05-07,3.67
75453,2010-05-08,3.67
75453,2010-05-09,3.67
75453,2010-05-10,3.67
75453,2010-05-11,3.58
75453,2010-05-12,3.55
75453,2010-05-13,3.55
75453,2010-05-14,3.55
75453,2010-05-15,3.55
75453,2010-05-16,3.55
75453,2010-05-17,3.55
75453,2010-05-18,3.55
75453,2010-05-19,3.55
75453,2010-05-20,3.55
75453,2010-05-21,3.55
75453,2010-05-22,3.55
75453,2010-05-23,3.55
75453,2010-05-24,3.55
75453,2010-05-25,3.55
75453,2010-05-26,3.64
75453,2010-05-27,3.73
75453,2010-05-28,3.76
75453,2010-05-29,3.79
75453,2010-05-30,3.6
75453,2010-05-31,3.49
75453,2010-06-01,3.41
75453,2010-06-02,3.26
75453,2010-06-03,3.18
75453,2010-06-04,3.06
75453,2010-06-05,2.94
75453,2010-06-06,2.87
75453,2010-06-07,2.79
75453,2010-06-08,2.71
75453,2010-06-09,2.6
75453,2010-06-10,2.52
75453,2010-06-11,2.46
75453,2010-06-12,2.43
75453,2010-06-13,2.39
75453,2010-06-14,2.35
75453,2010-06-15,2.31
75453,2010-06-16,2.42
75453,2010-06-17,2.38
75453,2010-06-18,2.34
75453,2010-06-19,2.3
75453,2010-06-20,2.3
75453,2010-06-21,2.3
75453,2010-06-22,2.26
75453,2010-06-23,2.26
75453,2010-06-24,2.26
75453,2010-06-25,2.22
75453,2010-06-26,2.22
75453,2010-06-27,2.18
75453,2010-06-28,2.18
75453,2010-06-29,2.14
75453,2010-06-30,2.14
75453,2010-07-01,2.1
75453,2010-07-02,2.1
75453,2010-07-03,2.1
75453,2010-07-04,2.1
75453,2010-07-05,2.06
75453,2010-07-06,2.06
75453,2010-07-07,2.02
75453,2010-07-08,1.99
75453,2010-07-09,1.99
75453,2010-07-10,1.95
75453,2010-07-11,1.95
75453,2010-07-12,1.95
75453,2010-07-13,1.95
75453,2010-07-14,1.95
75453,2010-07-15,1.95
75453,2010-07-16,1.93
75453,2010-07-17,1.9
75453,2010-07-18,1.9
75453,2010-07-19,1.9
75453,2010-07-20,1.9
75453,2010-07-21,1.85
75453,2010-07-22,1.82
75453,2010-07-23,1.81
75453,2010-07-24,1.81
75453,2010-07-25,1.81
75453,2010-07-26,1.81
75453,2010-07-27,1.81
75453,2010-07-28,1.81
75453,2010-07-29,1.81
75453,2010-07-30,1.81
75453,2010-07-31,1.81
75453,2010-08-01,1.81
75453,2010-08-02,1.81
75453,2010-08-03,1.81
75453,2010-08-04,1.81
75453,2010-08-05,1.81
75453,2010-08-06,1.84
75453,2010-08-07,1.84
75453,2010-08-08,1.83
75453,2010-08-09,1.83
75453,2010-08-10,1.9
75453,2010-08-11,1.94
75453,2010-08-12,2.01
75453,2010-08-13,2.08
75453,2010-08-14,2.08
75453,2010-08-15,2.11
75453,2010-08-16,2.11
75453,2010-08-17,2.09
75453,2010-08-18,2.09
75453,2010-08-19,2.09
75453,2010-08-20,2.09
75453,2010-08-21,2.09
75453,2010-08-22,2.09
75453,2010-08-23,2.09
75453,2010-08-24,2.09
75453,2010-08-25,2.09
75453,2010-08-26,2.13
75453,2010-08-27,2.13
75453,2010-08-28,2.16
75453,2010-08-29,2.18
75453,2010-08-30,2.22
75453,2010-08-31,2.22
75453,2010-09-01,2.25
75453,2010-09-02,2.25
75453,2010-09-03,2.25
75453,2010-09-04,2.25
75453,2010-09-05,2.25
75453,2010-09-06,2.25
75453,2010-09-07,2.23
75453,2010-09-08,2.18
75453,2010-09-09,2.14
75453,2010-09-10,2.14
75453,2010-09-11,2.11
75453,2010-09-12,2.11
75453,2010-09-13,2.11
75453,2010-09-14,2.11
75453,2010-09-15,2.11
75453,2010-09-16,2.11
75453,2010-09-17,2.11
75453,2010-09-18,2.11
75453,2010-09-19,2.14
75453,2010-09-20,2.14
75453,2010-09-21,2.18
75453,2010-09-22,2.21
75453,2010-09-23,2.21
75453,2010-09-24,2.24
75453,2010-09-25,2.28
75453,2010-09-26,2.31
75453,2010-09-27,2.35
75453,2010-09-28,2.42
75453,2010-09-29,2.5
75453,2010-09-30,2.53
75453,2010-10-01,2.57
75453,2010-10-02,2.6
75453,2010-10-03,2.64
75453,2010-10-04,2.68
75453,2010-10-05,2.71
75453,2010-10-06,2.75
75453,2010-10-07,2.75
75453,2010-10-08,2.79
75453,2010-10-09,2.8
75453,2010-10-10,2.84
75453,2010-10-11,2.87
75453,2010-10-12,2.94
75453,2010-10-13,3.01
75453,2010-10-14,3.08
75453,2010-10-15,3.15
75453,2010-10-16,3.18
75453,2010-10-17,3.25
75453,2010-10-18,3.32
75453,2010-10-19,3.39
75453,2010-10-20,3.46
75453,2010-10-21,3.46
75453,2010-10-22,3.46
75453,2010-10-23,3.46
75453,2010-10-24,3.46
75453,2010-10-25,3.46
75453,2010-10-26,3.46
75453,2010-10-27,3.55
75453,2010-10-28,3.58
75453,2010-10-29,3.67
75453,2010-10-30,3.76
75453,2010-10-31,3.79
75453,2010-11-01,3.79
75453,2010-11-02,3.64
75453,2010-11-03,3.58
75453,2010-11-04,3.52
75453,2010-11-05,3.46
75453,2010-11-06,3.46
75453,2010-11-07,3.46
75453,2010-11-08,3.46
75453,2010-11-09,3.52
75453,2010-11-10,3.52
75453,2010-11-11,3.52
75453,2010-11-12,3.52
75453,2010-11-13,3.52
75453,2010-11-14,3.52
75453,2010-11-15,3.52
75453,2010-11-16,3.52
75453,2010-11-17,3.52
75453,2010-11-18,3.52
75453,2010-11-19,3.49
75453,2010-11-20,3.49
75453,2010-11-21,3.49
75453,2010-11-22,3.46
75453,2010-11-23,3.42
75453,2010-11-24,3.39
75453,2010-11-25,3.41
75453,2010-11-26,3.4
75453,2010-11-27,3.37
75453,2010-11-28,3.33
75453,2010-11-29,3.32
75453,2010-11-30,3.29
75453,2010-12-01,3.29
75453,2010-12-02,3.42
75453,2010-12-03,3.24
75453,2010-12-04,3.24
75453,2010-12-05,3.15
75453,2010-12-06,3.09
75453,2010-12-07,3.11
75453,2010-12-08,3.08
75453,2010-12-09,3.07
75453,2010-12-10,3.06
75453,2010-12-11,3.06
75453,2010-12-12,3.02
75453,2010-12-13,3.02
75453,2010-12-14,2.98
75453,2010-12-15,3.01
75453,2010-12-16,2.97
75453,2010-12-17,2.97
75453,2010-12-18,2.97
75453,2010-12-19,2.94
75453,2010-12-20,2.9
75453,2010-12-21,2.9
75453,2010-12-22,2.9
75453,2010-12-23,2.86
75453,2010-12-24,2.86
75453,2010-12-25,2.86
75453,2010-12-26,2.83
75453,2010-12-27,2.83
75453,2010-12-28,2.87
75453,2010-12-29,2.88
75453,2010-12-30,2.88
75453,2010-12-31,2.88
75453,2011-01-01,2.88
75453,2011-01-02,2.88
75453,2011-01-03,2.88
75453,2011-01-04,2.88
75453,2011-01-05,2.84
75453,2011-01-06,2.84
75453,2011-01-07,2.82
75453,2011-01-08,2.82
75453,2011-01-09,2.82
75453,2011-01-10,2.78
75453,2011-01-11,2.78
75453,2011-01-12,2.78
75453,2011-01-13,2.74
75453,2011-01-14,2.74
75453,2011-01-15,2.74
75453,2011-01-16,2.71
75453,2011-01-17,2.71
75453,2011-01-18,2.74
75453,2011-01-19,2.67
75453,2011-01-20,2.67
75453,2011-01-21,2.63
75453,2011-01-22,2.63
75453,2011-01-23,2.63
75453,2011-01-24,2.62
75453,2011-01-25,2.64
75453,2011-01-26,2.6
75453,2011-01-27,2.6
75453,2011-01-28,2.56
75453,2011-01-29,2.56
75453,2011-01-30,2.56
75453,2011-01-31,2.52
75453,2011-02-01,2.52
75453,2011-02-02,2.48
75453,2011-02-03,2.48
75453,2011-02-04,2.48
75453,2011-02-05,2.44
75453,2011-02-06,2.44
75453,2011-02-07,2.44
75453,2011-02-08,2.41
75453,2011-02-09,2.41
75453,2011-02-10,2.37
75453,2011-02-11,2.37
75453,2011-02-12,2.37
75453,2011-02-13,2.37
75453,2011-02-14,2.33
75453,2011-02-15,2.33
75453,2011-02-16,2.31
75453,2011-02-17,2.27
75453,2011-02-18,2.27
75453,2011-02-19,2.27
75453,2011-02-20,2.27
75453,2011-02-21,2.27
75453,2011-02-22,2.27
75453,2011-02-23,2.27
75453,2011-02-24,2.27
75453,2011-02-25,2.29
75453,2011-02-26,2.33
75453,2011-02-27,2.35
75453,2011-02-28,2.38
75453,2011-03-01,2.39
75453,2011-03-02,2.39
75453,2011-03-03,2.39
75453,2011-03-04,2.39
75453,2011-03-05,2.39
75453,2011-03-06,2.39
75453,2011-03-07,2.42
75453,2011-03-08,2.44
75453,2011-03-09,2.48
75453,2011-03-10,2.48
75453,2011-03-11,2.48
75453,2011-03-12,2.48
75453,2011-03-13,2.48
75453,2011-03-14,2.48
75453,2011-03-15,2.43
75453,2011-03-16,2.42
75453,2011-03-17,2.46
75453,2011-03-18,2.46
75453,2011-03-19,2.46
75453,2011-03-20,2.46
75453,2011-03-21,2.46
75453,2011-03-22,2.43
75453,2011-03-23,2.41
75453,2011-03-24,2.35
75453,2011-03-25,2.35
75453,2011-03-26,2.41
75453,2011-03-27,2.41
75453,2011-03-28,2.41
75453,2011-03-29,2.41
75453,2011-03-30,2.37
75453,2011-03-31,2.37
75453,2011-04-01,2.37
75453,2011-04-02,2.42
75453,2011-04-03,2.58
75453,2011-04-04,3.34
75453,2011-04-05,6.26
75453,2011-04-06,17.8
75453,2011-04-07,22.5
75453,2011-04-08,39.3
75453,2011-04-09,48.4
75453,2011-04-10,47.4
75453,2011-04-11,47.7
75453,2011-04-12,41.1
75453,2011-04-13,25.4
75453,2011-04-14,18.5
75453,2011-04-15,16.8
75453,2011-04-16,17.8
75453,2011-04-17,16.1
75453,2011-04-18,15.9
75453,2011-04-19,13.8
75453,2011-04-20,11.9
75453,2011-04-21,5.4
75453,2011-04-22,5.33
75453,2011-04-23,5.7
75453,2011-04-24,5.55
75453,2011-04-25,5.4
75453,2011-04-26,4.83
75453,2011-04-27,4.56
75453,2011-04-28,4.38
75453,2011-04-29,4.2
75453,2011-04-30,4.13
75453,2011-05-01,4.13
75453,2011-05-02,4.13
75453,2011-05-03,4.03
75453,2011-05-04,3.92
75453,2011-05-05,3.89
75453,2011-05-06,3.89
75453,2011-05-07,3.89
75453,2011-05-08,3.79
75453,2011-05-09,3.73
75453,2011-05-10,3.73
75453,2011-05-11,3.73
75453,2011-05-12,3.73
75453,2011-05-13,3.73
75453,2011-05-14,3.73
75453,2011-05-15,3.64
75453,2011-05-16,3.64
75453,2011-05-17,3.64
75453,2011-05-18,3.64
75453,2011-05-19,3.64
75453,2011-05-20,3.64
75453,2011-05-21,3.64
75453,2011-05-22,3.49
75453,2011-05-23,3.31
75453,2011-05-24,3.11
75453,2011-05-25,2.95
75453,2011-05-26,2.82
75453,2011-05-27,2.71
75453,2011-05-28,2.6
75453,2011-05-29,2.53
75453,2011-05-30,2.46
75453,2011-05-31,2.43
75453,2011-06-01,2.35
75453,2011-06-02,2.32
75453,2011-06-03,2.32
75453,2011-06-04,2.28
75453,2011-06-05,2.28
75453,2011-06-06,2.17
75453,2011-06-07,2.14
75453,2011-06-08,2.12
75453,2011-06-09,2.09
75453,2011-06-10,2.09
75453,2011-06-11,2.05
75453,2011-06-12,2.02
75453,2011-06-13,2.02
75453,2011-06-14,1.99
75453,2011-06-15,1.99
75453,2011-06-16,2.01
75453,2011-06-17,1.97
75453,2011-06-18,1.97
75453,2011-06-19,1.97
75453,2011-06-20,1.96
75453,2011-06-21,2.01
75453,2011-06-22,2.01
75453,2011-06-23,1.97
75453,2011-06-24,1.97
75453,2011-06-25,1.92
75453,2011-06-26,1.92
75453,2011-06-27,1.92
75453,2011-06-28,1.88
75453,2011-06-29,1.88
75453,2011-06-30,1.92
75453,2011-07-01,1.88
75453,2011-07-02,1.88
75453,2011-07-03,1.92
75453,2011-07-04,1.92
75453,2011-07-05,1.92
75453,2011-07-06,1.88
75453,2011-07-07,1.91
75453,2011-07-08,1.91
75453,2011-07-09,1.91
75453,2011-07-10,1.91
75453,2011-07-11,1.91
75453,2011-07-12,1.91
75453,2011-07-13,1.91
75453,2011-07-14,1.91
75453,2011-07-15,1.91
75453,2011-07-16,1.91
75453,2011-07-17,1.93
75453,2011-07-18,1.93
75453,2011-07-19,1.93
75453,2011-07-20,1.93
75453,2011-07-21,1.93
75453,2011-07-22,1.93
75453,2011-07-23,1.91
75453,2011-07-24,1.95
75453,2011-07-25,1.96
75453,2011-07-26,1.96
75453,2011-07-27,1.96
75453,2011-07-28,1.96
75453,2011-07-29,1.96
75453,2011-07-30,1.96
75453,2011-07-31,2
75453,2011-08-01,2
75453,2011-08-02,2
75453,2011-08-03,2
75453,2011-08-04,2
75453,2011-08-05,2
75453,2011-08-06,1.98
75453,2011-08-07,1.95
75453,2011-08-08,1.95
75453,2011-08-09,1.95
75453,2011-08-10,1.95
75453,2011-08-11,1.95
75453,2011-08-12,1.95
75453,2011-08-13,1.95
75453,2011-08-14,1.95
75453,2011-08-15,1.95
75453,2011-08-16,1.93
75453,2011-08-17,1.93
75453,2011-08-18,1.93
75453,2011-08-19,1.93
75453,2011-08-20,1.9
75453,2011-08-21,1.9
75453,2011-08-22,1.9
75453,2011-08-23,1.9
75453,2011-08-24,1.9
75453,2011-08-25,1.9
75453,2011-08-26,1.9
75453,2011-08-27,1.9
75453,2011-08-28,1.9
75453,2011-08-29,1.9
75453,2011-08-30,1.9
75453,2011-08-31,1.87
75453,2011-09-01,1.85
75453,2011-09-02,1.85
75453,2011-09-03,1.85
75453,2011-09-04,1.85
75453,2011-09-05,1.85
75453,2011-09-06,1.85
75453,2011-09-07,1.85
75453,2011-09-08,1.85
75453,2011-09-09,1.85
75453,2011-09-10,1.85
75453,2011-09-11,1.85
75453,2011-09-12,1.85
75453,2011-09-13,1.85
75453,2011-09-14,1.85
75453,2011-09-15,1.85
75453,2011-09-16,1.9
75453,2011-09-17,1.92
75453,2011-09-18,1.95
75453,2011-09-19,1.95
75453,2011-09-20,1.95
75453,2011-09-21,1.99
75453,2011-09-22,1.99
75453,2011-09-23,2.02
75453,2011-09-24,2.04
75453,2011-09-25,2.01
75453,2011-09-26,2.02
75453,2011-09-27,2.04
75453,2011-09-28,2.07
75453,2011-09-29,2.11
75453,2011-09-30,2.11
75453,2011-10-01,2.14
75453,2011-10-02,2.18
75453,2011-10-03,2.21
75453,2011-10-04,2.24
75453,2011-10-05,2.24
75453,2011-10-06,2.28
75453,2011-10-07,2.29
75453,2011-10-08,2.33
75453,2011-10-09,2.36
75453,2011-10-10,2.39
75453,2011-10-11,2.43
75453,2011-10-12,2.46
75453,2011-10-13,2.49
75453,2011-10-14,2.56
75453,2011-10-15,2.59
75453,2011-10-16,2.72
75453,2011-10-17,2.78
75453,2011-10-18,2.89
75453,2011-10-19,3.03
75453,2011-10-20,3.52
75453,2011-10-21,3.49
75453,2011-10-22,3.46
75453,2011-10-23,3.46
75453,2011-10-24,3.46
75453,2011-10-25,3.46
75453,2011-10-26,3.43
75453,2011-10-27,3.4
75453,2011-10-28,3.4
75453,2011-10-29,3.4
75453,2011-10-30,3.4
75453,2011-10-31,3.4
75453,2011-11-01,3.4
75453,2011-11-02,3.4
75453,2011-11-03,3.4
75453,2011-11-04,3.4
75453,2011-11-05,3.43
75453,2011-11-06,3.43
75453,2011-11-07,3.43
75453,2011-11-08,3.43
75453,2011-11-09,3.43
75453,2011-11-10,3.43
75453,2011-11-11,3.43
75453,2011-11-12,3.43
75453,2011-11-13,3.43
75453,2011-11-14,3.43
75453,2011-11-15,3.43
75453,2011-11-16,3.43
75453,2011-11-17,3.43
75453,2011-11-18,3.46
75453,2011-11-19,3.46
75453,2011-11-20,3.46
75453,2011-11-21,3.46
75453,2011-11-22,3.46
75453,2011-11-23,3.46
75453,2011-11-24,3.46
75453,2011-11-25,3.46
75453,2011-11-26,3.41
75453,2011-11-27,3.42
75453,2011-11-28,3.45
75453,2011-11-29,3.48
75453,2011-11-30,3.49
75453,2011-12-01,3.47
75453,2011-12-02,3.46
75453,2011-12-03,3.46
75453,2011-12-04,3.46
75453,2011-12-05,3.46
75453,2011-12-06,3.43
75453,2011-12-07,3.4
75453,2011-12-08,3.4
75453,2011-12-09,3.46
75453,2011-12-10,3.46
75453,2011-12-11,3.46
75453,2011-12-12,3.46
75453,2011-12-13,3.46
75453,2011-12-14,3.46
75453,2011-12-15,3.46
75453,2011-12-16,3.46
75453,2011-12-17,3.49
75453,2011-12-18,3.49
75453,2011-12-19,3.58
75453,2011-12-20,3.58
75453,2011-12-21,3.44
75453,2011-12-22,3.3
75453,2011-12-23,3.2
75453,2011-12-24,3.09
75453,2011-12-25,2.98
75453,2011-12-26,2.89
75453,2011-12-27,2.82
75453,2011-12-28,2.79
75453,2011-12-29,2.76
75453,2011-12-30,2.73
75453,2011-12-31,2.69
75453,2012-01-01,2.62
75453,2012-01-02,2.55
75453,2012-01-03,2.48
75453,2012-01-04,2.4
75453,2012-01-05,2.33
75453,2012-01-06,2.26
75453,2012-01-07,2.18
75453,2012-01-08,2.11
75453,2012-01-09,2.07
75453,2012-01-10,2.05
75453,2012-01-11,2.01
75453,2012-01-12,1.95
75453,2012-01-13,1.87
75453,2012-01-14,1.83
75453,2012-01-15,1.8
75453,2012-01-16,1.76
75453,2012-01-17,1.72
75453,2012-01-18,1.72
75453,2012-01-19,1.68
75453,2012-01-20,1.68
75453,2012-01-21,1.64
75453,2012-01-22,1.64
75453,2012-01-23,1.6
75453,2012-01-24,1.57
75453,2012-01-25,1.57
75453,2012-01-26,1.57
75453,2012-01-27,1.58
75453,2012-01-28,1.6
75453,2012-01-29,1.63
75453,2012-01-30,1.64
75453,2012-01-31,1.64
75453,2012-02-01,1.64
75453,2012-02-02,1.64
75453,2012-02-03,1.64
75453,2012-02-04,1.64
75453,2012-02-05,1.64
75453,2012-02-06,1.64
75453,2012-02-07,1.64
75453,2012-02-08,1.64
75453,2012-02-09,1.64
75453,2012-02-10,1.67
75453,2012-02-11,1.67
75453,2012-02-12,1.67
75453,2012-02-13,1.67
75453,2012-02-14,1.67
75453,2012-02-15,1.67
75453,2012-02-16,1.67
75453,2012-02-17,1.67
75453,2012-02-18,1.67
75453,2012-02-19,1.67
75453,2012-02-20,1.67
75453,2012-02-21,1.67
75453,2012-02-22,1.67
75453,2012-02-23,1.67
75453,2012-02-24,1.67
75453,2012-02-25,1.67
75453,2012-02-26,1.67
75453,2012-02-27,1.67
75453,2012-02-28,1.67
75453,2012-02-29,1.67
75453,2012-03-01,1.69
75453,2012-03-02,1.75
75453,2012-03-03,1.79
75453,2012-03-04,1.79
75453,2012-03-05,1.79
75453,2012-03-06,1.78
75453,2012-03-07,1.75
75453,2012-03-08,1.73
75453,2012-03-09,1.73
75453,2012-03-10,1.73
75453,2012-03-11,1.76
75453,2012-03-12,1.72
75453,2012-03-13,1.72
75453,2012-03-14,1.76
75453,2012-03-15,1.76
75453,2012-03-16,1.74
75453,2012-03-17,1.74
75453,2012-03-18,1.74
75453,2012-03-19,1.74
75453,2012-03-20,1.72
75453,2012-03-21,1.72
75453,2012-03-22,1.72
75453,2012-03-23,1.74
75453,2012-03-24,1.74
75453,2012-03-25,1.74
75453,2012-03-26,1.74
75453,2012-03-27,1.76
75453,2012-03-28,1.8
75453,2012-03-29,1.81
75453,2012-03-30,1.84
75453,2012-03-31,1.83
75453,2012-04-01,1.85
75453,2012-04-02,1.93
75453,2012-04-03,2
75453,2012-04-04,2.12
75453,2012-04-05,2.2
75453,2012-04-06,2.27
75453,2012-04-07,2.39
75453,2012-04-08,2.41
75453,2012-04-09,2.52
75453,2012-04-10,2.79
75453,2012-04-11,4.56
75453,2012-04-12,8.37
75453,2012-04-13,13.5
75453,2012-04-14,46.4
75453,2012-04-15,89.6
75453,2012-04-16,98.6
75453,2012-04-17,139
75453,2012-04-18,140
75453,2012-04-19,86
75453,2012-04-20,47.4
75453,2012-04-21,23.2
75453,2012-04-22,23.2
75453,2012-04-23,13.8
75453,2012-04-24,4.95
75453,2012-04-25,4.52
75453,2012-04-26,4.56
75453,2012-04-27,3.96
75453,2012-04-28,4.71
75453,2012-04-29,4.71
75453,2012-04-30,4.65
75453,2012-05-01,4.71
75453,2012-05-02,4.1
75453,2012-05-03,4.1
75453,2012-05-04,4.1
75453,2012-05-05,4.1
75453,2012-05-06,4.1
75453,2012-05-07,4.1
75453,2012-05-08,4.1
75453,2012-05-09,4.1
75453,2012-05-10,4.06
75453,2012-05-11,3.99
75453,2012-05-12,3.99
75453,2012-05-13,3.99
75453,2012-05-14,3.99
75453,2012-05-15,3.99
75453,2012-05-16,3.82
75453,2012-05-17,3.82
75453,2012-05-18,3.82
75453,2012-05-19,3.82
75453,2012-05-20,3.82
75453,2012-05-21,3.36
75453,2012-05-22,3.17
75453,2012-05-23,3.15
75453,2012-05-24,3.11
75453,2012-05-25,3.07
75453,2012-05-26,3.01
75453,2012-05-27,2.88
75453,2012-05-28,2.84
75453,2012-05-29,2.8
75453,2012-05-30,2.8
75453,2012-05-31,2.77
75453,2012-06-01,2.73
75453,2012-06-02,2.66
75453,2012-06-03,2.59
75453,2012-06-04,2.54
75453,2012-06-05,2.47
75453,2012-06-06,2.41
75453,2012-06-07,2.38
75453,2012-06-08,2.31
75453,2012-06-09,2.24
75453,2012-06-10,2.26
75453,2012-06-11,2.33
75453,2012-06-12,2.3
75453,2012-06-13,2.22
75453,2012-06-14,2.14
75453,2012-06-15,2.06
75453,2012-06-16,1.98
75453,2012-06-17,1.85
75453,2012-06-18,1.76
75453,2012-06-19,1.68
75453,2012-06-20,1.6
75453,2012-06-21,1.53
75453,2012-06-22,1.49
75453,2012-06-23,1.45
75453,2012-06-24,1.41
75453,2012-06-25,1.38
75453,2012-06-26,1.34
75453,2012-06-27,1.28
75453,2012-06-28,1.2
75453,2012-06-29,1.16
75453,2012-06-30,1.16
75453,2012-07-01,1.16
75453,2012-07-02,1.17
75453,2012-07-03,1.17
75453,2012-07-04,1.17
75453,2012-07-05,1.17
75453,2012-07-06,1.17
75453,2012-07-07,1.16
75453,2012-07-08,1.16
75453,2012-07-09,1.16
75453,2012-07-10,1.16
75453,2012-07-11,1.16
75453,2012-07-12,1.16
75453,2012-07-13,1.16
75453,2012-07-14,1.16
75453,2012-07-15,1.16
75453,2012-07-16,1.16
75453,2012-07-17,1.17
75453,2012-07-18,1.18
75453,2012-07-19,1.19
75453,2012-07-20,1.19
75453,2012-07-21,1.19
75453,2012-07-22,1.19
75453,2012-07-23,1.19
75453,2012-07-24,1.19
75453,2012-07-25,1.19
75453,2012-07-26,1.19
75453,2012-07-27,1.18
75453,2012-07-28,1.18
75453,2012-07-29,1.22
75453,2012-07-30,1.22
75453,2012-07-31,1.22
75453,2012-08-01,1.26
75453,2012-08-02,1.24
75453,2012-08-03,1.23
75453,2012-08-04,1.26
75453,2012-08-05,1.26
75453,2012-08-06,1.33
75453,2012-08-07,1.33
75453,2012-08-08,1.36
75453,2012-08-09,1.33
75453,2012-08-10,1.3
75453,2012-08-11,1.3
75453,2012-08-12,1.34
75453,2012-08-13,1.34
75453,2012-08-14,1.34
75453,2012-08-15,1.34
75453,2012-08-16,1.37
75453,2012-08-17,1.37
75453,2012-08-18,1.37
75453,2012-08-19,1.37
75453,2012-08-20,1.41
75453,2012-08-21,1.44
75453,2012-08-22,1.49
75453,2012-08-23,1.49
75453,2012-08-24,1.53
75453,2012-08-25,1.53
75453,2012-08-26,1.53
75453,2012-08-27,1.54
75453,2012-08-28,1.5
75453,2012-08-29,1.49
75453,2012-08-30,1.53
75453,2012-08-31,1.54
75453,2012-09-01,1.54
75453,2012-09-02,1.58
75453,2012-09-03,1.58
75453,2012-09-04,1.58
75453,2012-09-05,1.61
75453,2012-09-06,1.61
75453,2012-09-07,1.61
75453,2012-09-08,1.65
75453,2012-09-09,1.65
75453,2012-09-10,1.65
75453,2012-09-11,1.69
75453,2012-09-12,1.69
75453,2012-09-13,1.69
75453,2012-09-14,1.72
75453,2012-09-15,1.72
75453,2012-09-16,1.72
75453,2012-09-17,1.76
75453,2012-09-18,1.76
75453,2012-09-19,1.76
75453,2012-09-20,1.78
75453,2012-09-21,1.74
75453,2012-09-22,1.72
75453,2012-09-23,1.76
75453,2012-09-24,1.76
75453,2012-09-25,1.76
75453,2012-09-26,1.8
75453,2012-09-27,1.8
75453,2012-09-28,1.8
75453,2012-09-29,1.83
75453,2012-09-30,1.83
75453,2012-10-01,1.83
75453,2012-10-02,1.87
75453,2012-10-03,1.87
75453,2012-10-04,1.9
75453,2012-10-05,1.93
75453,2012-10-06,1.99
75453,2012-10-07,1.99
75453,2012-10-08,2.02
75453,2012-10-09,2.04
75453,2012-10-10,2.11
75453,2012-10-11,2.11
75453,2012-10-12,2.15
75453,2012-10-13,2.15
75453,2012-10-14,2.18
75453,2012-10-15,2.18
75453,2012-10-16,2.22
75453,2012-10-17,2.2
75453,2012-10-18,2.22
75453,2012-10-19,2.26
75453,2012-10-20,2.27
75453,2012-10-21,2.31
75453,2012-10-22,2.37
75453,2012-10-23,2.38
75453,2012-10-24,2.42
75453,2012-10-25,2.45
75453,2012-10-26,2.49
75453,2012-10-27,2.59
75453,2012-10-28,2.75
75453,2012-10-29,2.83
75453,2012-10-30,2.9
75453,2012-10-31,2.98
75453,2012-11-01,3.06
75453,2012-11-02,3.27
75453,2012-11-03,3.8
75453,2012-11-04,4.01
75453,2012-11-05,4.15
75453,2012-11-06,4.33
75453,2012-11-07,4.89
75453,2012-11-08,4.89
75453,2012-11-09,5.07
75453,2012-11-10,5.07
75453,2012-11-11,5.01
75453,2012-11-12,4.95
75453,2012-11-13,4.71
75453,2012-11-14,4.47
75453,2012-11-15,4.34
75453,2012-11-16,4.34
75453,2012-11-17,4.34
75453,2012-11-18,4.34
75453,2012-11-19,4.34
75453,2012-11-20,4.34
75453,2012-11-21,4.34
75453,2012-11-22,4.13
75453,2012-11-23,3.89
75453,2012-11-24,3.76
75453,2012-11-25,3.73
75453,2012-11-26,3.61
75453,2012-11-27,3.61
75453,2012-11-28,3.61
75453,2012-11-29,3.61
75453,2012-11-30,3.61
75453,2012-12-01,3.61
75453,2012-12-02,2.89
75453,2012-12-03,2.38
75453,2012-12-04,2.31
75453,2012-12-05,2.5
75453,2012-12-06,2.42
75453,2012-12-07,2.34
75453,2012-12-08,2.3
75453,2012-12-09,2.26
75453,2012-12-10,2.22
75453,2012-12-11,2.25
75453,2012-12-12,2.32
75453,2012-12-13,2.35
75453,2012-12-14,2.31
75453,2012-12-15,2.22
75453,2012-12-16,2.09
75453,2012-12-17,1.94
75453,2012-12-18,1.87
75453,2012-12-19,1.86
75453,2012-12-20,1.82
75453,2012-12-21,1.82
75453,2012-12-22,1.82
75453,2012-12-23,1.82
75453,2012-12-24,1.78
75453,2012-12-25,1.78
75453,2012-12-26,1.78
75453,2012-12-27,1.78
75453,2012-12-28,1.78
75453,2012-12-29,1.78
75453,2012-12-30,1.78
75453,2012-12-31,1.78
75453,2013-01-01,1.78
75453,2013-01-02,1.78
75453,2013-01-03,1.78
75453,2013-01-04,1.78
75453,2013-01-05,1.78
75453,2013-01-06,1.78
75453,2013-01-07,1.78
75453,2013-01-08,1.78
75453,2013-01-09,1.78
75453,2013-01-10,1.78
75453,2013-01-11,1.78
75453,2013-01-12,1.78
75453,2013-01-13,1.78
75453,2013-01-14,1.91
75453,2013-01-15,1.91
75453,2013-01-16,1.91
75453,2013-01-17,1.91
75453,2013-01-18,1.91
75453,2013-01-19,1.91
75453,2013-01-20,1.91
75453,2013-01-21,1.91
75453,2013-01-22,1.91
75453,2013-01-23,1.97
75453,2013-01-24,2.04
75453,2013-01-25,2.04
75453,2013-01-26,2.04
75453,2013-01-27,2.04
75453,2013-01-28,2.02
75453,2013-01-29,1.97
75453,2013-01-30,1.96
75453,2013-01-31,1.96
75453,2013-02-01,1.96
75453,2013-02-02,1.96
75453,2013-02-03,2
75453,2013-02-04,2
75453,2013-02-05,2.04
75453,2013-02-06,2.08
75453,2013-02-07,2.17
75453,2013-02-08,2.17
75453,2013-02-09,2.22
75453,2013-02-10,2.26
75453,2013-02-11,2.26
75453,2013-02-12,2.28
75453,2013-02-13,2.4
75453,2013-02-14,2.19
75453,2013-02-15,2.19
75453,2013-02-16,2.23
75453,2013-02-17,2.23
75453,2013-02-18,2.23
75453,2013-02-19,2.12
75453,2013-02-20,2.04
75453,2013-02-21,2.02
75453,2013-02-22,2.02
75453,2013-02-23,1.99
75453,2013-02-24,2
75453,2013-02-25,1.98
75453,2013-02-26,2
75453,2013-02-27,2
75453,2013-02-28,2.02
75453,2013-03-01,1.98
75453,2013-03-02,1.98
75453,2013-03-03,2
75453,2013-03-04,1.98
75453,2013-03-05,1.96
75453,2013-03-06,1.96
75453,2013-03-07,1.96
75453,2013-03-08,1.96
75453,2013-03-09,1.96
75453,2013-03-10,1.96
75453,2013-03-11,1.96
75453,2013-03-12,1.96
75453,2013-03-13,1.96
75453,2013-03-14,2.09
75453,2013-03-15,2.17
75453,2013-03-16,2.21
75453,2013-03-17,2.31
75453,2013-03-18,2.37
75453,2013-03-19,2.37
75453,2013-03-20,2.37
75453,2013-03-21,2.33
75453,2013-03-22,2.28
75453,2013-03-23,2.21
75453,2013-03-24,2.28
75453,2013-03-25,2.35
75453,2013-03-26,2.42
75453,2013-03-27,2.45
75453,2013-03-28,2.37
75453,2013-03-29,2.37
75453,2013-03-30,2.35
75453,2013-03-31,2.37
75453,2013-04-01,2.32
75453,2013-04-02,2.49
75453,2013-04-03,2.73
75453,2013-04-04,3.52
75453,2013-04-05,4.64
75453,2013-04-06,4.91
75453,2013-04-07,9.16
75453,2013-04-08,10.1
75453,2013-04-09,10.4
75453,2013-04-10,12.1
75453,2013-04-11,14.7
75453,2013-04-12,16.5
75453,2013-04-13,26.7
75453,2013-04-14,50.3
75453,2013-04-15,62.9
75453,2013-04-16,101
75453,2013-04-17,110
75453,2013-04-18,116
75453,2013-04-19,93.7
75453,2013-04-20,75.4
75453,2013-04-21,41.4
75453,2013-04-22,26.9
75453,2013-04-23,18.3
75453,2013-04-24,10.5
75453,2013-04-25,6.72
75453,2013-04-26,7.9
75453,2013-04-27,9.15
75453,2013-04-28,9.26
75453,2013-04-29,10.9
75453,2013-04-30,11.4
75453,2013-05-01,15.4
75453,2013-05-02,23.2
75453,2013-05-03,14
75453,2013-05-04,6.56
75453,2013-05-05,6.16
75453,2013-05-06,8.82
75453,2013-05-07,13.5
75453,2013-05-08,11
75453,2013-05-09,7.52
75453,2013-05-10,7.44
75453,2013-05-11,7.36
75453,2013-05-12,7.28
75453,2013-05-13,7.28
75453,2013-05-14,7.28
75453,2013-05-15,7.28
75453,2013-05-16,7.12
75453,2013-05-17,5.33
75453,2013-05-18,3.67
75453,2013-05-19,3.67
75453,2013-05-20,3.67
75453,2013-05-21,3.67
75453,2013-05-22,3.96
75453,2013-05-23,4.56
75453,2013-05-24,7.04
75453,2013-05-25,13.3
75453,2013-05-26,34.8
75453,2013-05-27,38.3
75453,2013-05-28,39.7
75453,2013-05-29,24.3
75453,2013-05-30,20.4
75453,2013-05-31,24
75453,2013-06-01,16.4
75453,2013-06-02,11.6
75453,2013-06-03,10.5
75453,2013-06-04,9.12
75453,2013-06-05,7.73
75453,2013-06-06,6.62
75453,2013-06-07,5.91
75453,2013-06-08,4.95
75453,2013-06-09,5.28
75453,2013-06-10,5.57
75453,2013-06-11,4.84
75453,2013-06-12,4.9
75453,2013-06-13,4.73
75453,2013-06-14,4.01
75453,2013-06-15,3.87
75453,2013-06-16,3.91
75453,2013-06-17,3.96
75453,2013-06-18,3.96
75453,2013-06-19,3.91
75453,2013-06-20,3.91
75453,2013-06-21,3.72
75453,2013-06-22,3.64
75453,2013-06-23,3.57
75453,2013-06-24,3.06
75453,2013-06-25,3.03
75453,2013-06-26,3
75453,2013-06-27,3
75453,2013-06-28,2.96
75453,2013-06-29,2.92
75453,2013-06-30,2.84
75453,2013-07-01,2.81
75453,2013-07-02,2.73
75453,2013-07-03,2.81
75453,2013-07-04,2.83
75453,2013-07-05,2.79
75453,2013-07-06,2.7
75453,2013-07-07,2.66
75453,2013-07-08,2.65
75453,2013-07-09,2.97
75453,2013-07-10,3.06
75453,2013-07-11,2.35
75453,2013-07-12,2.31
75453,2013-07-13,2.31
75453,2013-07-14,2.27
75453,2013-07-15,2.27
75453,2013-07-16,2.31
75453,2013-07-17,2.27
75453,2013-07-18,2.27
75453,2013-07-19,2.31
75453,2013-07-20,2.35
75453,2013-07-21,2.45
75453,2013-07-22,2.49
75453,2013-07-23,2.7
75453,2013-07-24,3.1
75453,2013-07-25,5.85
75453,2013-07-26,5.85
75453,2013-07-27,5.85
75453,2013-07-28,5.85
75453,2013-07-29,5.7
75453,2013-07-30,4.09
75453,2013-07-31,3.37
75453,2013-08-01,3
75453,2013-08-02,2.78
75453,2013-08-03,2.64
75453,2013-08-04,2.58
75453,2013-08-05,2.58
75453,2013-08-06,2.61
75453,2013-08-07,2.61
75453,2013-08-08,2.66
75453,2013-08-09,2.76
75453,2013-08-10,2.81
75453,2013-08-11,2.86
75453,2013-08-12,2.86
75453,2013-08-13,2.86
75453,2013-08-14,2.87
75453,2013-08-15,2.85
75453,2013-08-16,2.82
75453,2013-08-17,2.79
75453,2013-08-18,2.76
75453,2013-08-19,2.68
75453,2013-08-20,2.63
75453,2013-08-21,2.56
75453,2013-08-22,2.56
75453,2013-08-23,2.52
75453,2013-08-24,2.52
75453,2013-08-25,2.52
75453,2013-08-26,2.56
75453,2013-08-27,2.56
75453,2013-08-28,2.64
75453,2013-08-29,2.73
75453,2013-08-30,2.84
75453,2013-08-31,3.07
75453,2013-09-01,3.25
75453,2013-09-02,3.39
75453,2013-09-03,20.1
75453,2013-09-04,13.2
75453,2013-09-05,18.2
75453,2013-09-06,22.9
75453,2013-09-07,25.3
75453,2013-09-08,38.4
75453,2013-09-09,49.8
75453,2013-09-10,48.8
75453,2013-09-11,24
75453,2013-09-12,23.5
75453,2013-09-13,22.8
75453,2013-09-14,21.8
75453,2013-09-15,27.5
75453,2013-09-16,44.9
75453,2013-09-17,73.2
75453,2013-09-18,66
75453,2013-09-19,34.8
75453,2013-09-20,21.4
75453,2013-09-21,19.2
75453,2013-09-22,19.7
75453,2013-09-23,66.4
75453,2013-09-24,66.4
75453,2013-09-25,72.8
75453,2013-09-26,78
75453,2013-09-27,41.1
75453,2013-09-28,16.6
75453,2013-09-29,16.4
75453,2013-09-30,19.9
75453,2013-10-01,24.9
75453,2013-10-02,6.48
75453,2013-10-03,5.85
75453,2013-10-04,5.63
75453,2013-10-05,5.55
75453,2013-10-06,5.48
75453,2013-10-07,4.71
75453,2013-10-08,4.56
75453,2013-10-09,4.43
75453,2013-10-10,3.85
75453,2013-10-11,3.85
75453,2013-10-12,3.85
75453,2013-10-13,3.85
75453,2013-10-14,3.85
75453,2013-10-15,3.85
75453,2013-10-16,3.85
75453,2013-10-17,3.85
75453,2013-10-18,3.85
75453,2013-10-19,3.85
75453,2013-10-20,3.85
75453,2013-10-21,3.89
75453,2013-10-22,4.03
75453,2013-10-23,4.13
75453,2013-10-24,4.25
75453,2013-10-25,4.29
75453,2013-10-26,4.29
75453,2013-10-27,4.29
75453,2013-10-28,4.52
75453,2013-10-29,4.71
75453,2013-10-30,4.65
75453,2013-10-31,4.77
75453,2013-11-01,4.77
75453,2013-11-02,4.77
75453,2013-11-03,4.77
75453,2013-11-04,4.77
75453,2013-11-05,4.77
75453,2013-11-06,5.13
75453,2013-11-07,5.48
75453,2013-11-08,6.24
75453,2013-11-09,6.16
75453,2013-11-10,6.16
75453,2013-11-11,6.08
75453,2013-11-12,5.85
75453,2013-11-13,5.55
75453,2013-11-14,5.4
75453,2013-11-15,5.25
75453,2013-11-16,5.13
75453,2013-11-17,5.07
75453,2013-11-18,4.77
75453,2013-11-19,4.52
75453,2013-11-20,4.34
75453,2013-11-21,4.29
75453,2013-11-22,4.29
75453,2013-11-23,4.29
75453,2013-11-24,4.29
75453,2013-11-25,4.29
75453,2013-11-26,4.34
75453,2013-11-27,5.78
75453,2013-11-28,5.78
75453,2013-11-29,6.72
75453,2013-11-30,7.28
75453,2013-12-01,7.28
75453,2013-12-02,6.08
75453,2013-12-03,4.87
75453,2013-12-04,4.77
75453,2013-12-05,4.67
75453,2013-12-06,4.51
75453,2013-12-07,4.26
75453,2013-12-08,3.96
75453,2013-12-09,3.77
75453,2013-12-10,3.63
75453,2013-12-11,3.55
75453,2013-12-12,3.5
75453,2013-12-13,3.3
75453,2013-12-14,3.3
75453,2013-12-15,3.3
75453,2013-12-16,3.3
75453,2013-12-17,3.34
75453,2013-12-18,3.39
75453,2013-12-19,3.43
75453,2013-12-20,3.65
75453,2013-12-21,3.91
75453,2013-12-22,4.52
75453,2013-12-23,4.83
75453,2013-12-24,5.78
75453,2013-12-25,5.78
75453,2013-12-26,6.16
75453,2013-12-27,6.96
75453,2013-12-28,6.4
75453,2013-12-29,6.24
75453,2013-12-30,6.24
75453,2013-12-31,5.78
75453,2014-01-01,4.25
75453,2014-01-02,4.25
75453,2014-01-03,4.25
75453,2014-01-04,4.29
75453,2014-01-05,4.29
75453,2014-01-06,4.38
75453,2014-01-07,4.47
75453,2014-01-08,4.65
75453,2014-01-09,4.77
75453,2014-01-10,5.01
75453,2014-01-11,8.7
75453,2014-01-12,7.72
75453,2014-01-13,6.25
75453,2014-01-14,4.91
75453,2014-01-15,3.96
75453,2014-01-16,3.35
75453,2014-01-17,3.08
75453,2014-01-18,2.96
75453,2014-01-19,2.92
75453,2014-01-20,3.07
75453,2014-01-21,3.85
75453,2014-01-22,3.52
75453,2014-01-23,3.39
75453,2014-01-24,3.35
75453,2014-01-25,3.3
75453,2014-01-26,3.22
75453,2014-01-27,3.1
75453,2014-01-28,3.05
75453,2014-01-29,3.01
75453,2014-01-30,3.01
75453,2014-01-31,2.89
75453,2014-02-01,2.85
75453,2014-02-02,2.82
75453,2014-02-03,2.85
75453,2014-02-04,2.85
75453,2014-02-05,2.85
75453,2014-02-06,2.8
75453,2014-02-07,2.86
75453,2014-02-08,2.83
75453,2014-02-09,2.8
75453,2014-02-10,2.75
75453,2014-02-11,2.7
75453,2014-02-12,2.67
75453,2014-02-13,2.65
75453,2014-02-14,2.59
75453,2014-02-15,2.59
75453,2014-02-16,2.66
75453,2014-02-17,2.69
75453,2014-02-18,2.7
75453,2014-02-19,2.78
75453,2014-02-20,3.22
75453,2014-02-21,3.71
75453,2014-02-22,4.07
75453,2014-02-23,4.29
75453,2014-02-24,4.52
75453,2014-02-25,4.52
75453,2014-02-26,4.83
75453,2014-02-27,4.61
75453,2014-02-28,4.29
75453,2014-03-01,4.25
75453,2014-03-02,4.2
75453,2014-03-03,4.1
75453,2014-03-04,4.03
75453,2014-03-05,3.99
75453,2014-03-06,3.96
75453,2014-03-07,3.92
75453,2014-03-08,3.99
75453,2014-03-09,4.13
75453,2014-03-10,4.38
75453,2014-03-11,4.47
75453,2014-03-12,4.61
75453,2014-03-13,4.89
75453,2014-03-14,5.95
75453,2014-03-15,6.25
75453,2014-03-16,6.67
75453,2014-03-17,9.06
75453,2014-03-18,9.06
75453,2014-03-19,8.14
75453,2014-03-20,6.88
75453,2014-03-21,5.07
75453,2014-03-22,5.13
75453,2014-03-23,5.55
75453,2014-03-24,9.42
75453,2014-03-25,10.1
75453,2014-03-26,10.9
75453,2014-03-27,9.66
75453,2014-03-28,9.18
75453,2014-03-29,8.56
75453,2014-03-30,8.82
75453,2014-03-31,6.35
75453,2014-04-01,4.1
75453,2014-04-02,4.43
75453,2014-04-03,4.56
75453,2014-04-04,4.47
75453,2014-04-05,4.43
75453,2014-04-06,4.38
75453,2014-04-07,4.47
75453,2014-04-08,4.34
75453,2014-04-09,4.43
75453,2014-04-10,4.2
75453,2014-04-11,4.17
75453,2014-04-12,4.13
75453,2014-04-13,4.13
75453,2014-04-14,4.17
75453,2014-04-15,4.17
75453,2014-04-16,4.1
75453,2014-04-17,4.13
75453,2014-04-18,4.17
75453,2014-04-19,4.17
75453,2014-04-20,4.17
75453,2014-04-21,4.17
75453,2014-04-22,4.17
75453,2014-04-23,3.63
75453,2014-04-24,3.06
75453,2014-04-25,3.02
75453,2014-04-26,3.02
75453,2014-04-27,3.02
75453,2014-04-28,2.99
75453,2014-04-29,2.99
75453,2014-04-30,2.99
75453,2014-05-01,3.03
75453,2014-05-02,3.13
75453,2014-05-03,3.33
75453,2014-05-04,3.59
75453,2014-05-05,3.92
75453,2014-05-06,4.34
75453,2014-05-07,4.38
75453,2014-05-08,4.43
75453,2014-05-09,4.43
75453,2014-05-10,4.43
75453,2014-05-11,4.43
75453,2014-05-12,4.29
75453,2014-05-13,4.25
75453,2014-05-14,4.03
75453,2014-05-15,3.72
75453,2014-05-16,3.5
75453,2014-05-17,3.27
75453,2014-05-18,3.06
75453,2014-05-19,2.9
75453,2014-05-20,2.75
75453,2014-05-21,2.59
75453,2014-05-22,2.46
75453,2014-05-23,2.39
75453,2014-05-24,2.31
75453,2014-05-25,2.28
75453,2014-05-26,2.22
75453,2014-05-27,2.15
75453,2014-05-28,2.11
75453,2014-05-29,2.11
75453,2014-05-30,2.11
75453,2014-05-31,2.07
75453,2014-06-01,2.01
75453,2014-06-02,1.85
75453,2014-06-03,1.82
75453,2014-06-04,2.02
75453,2014-06-05,2.22
75453,2014-06-06,2.37
75453,2014-06-07,2.46
75453,2014-06-08,2.52
75453,2014-06-09,2.57
75453,2014-06-10,2.61
75453,2014-06-11,2.61
75453,2014-06-12,2.63
75453,2014-06-13,2.69
75453,2014-06-14,2.69
75453,2014-06-15,2.72
75453,2014-06-16,2.79
75453,2014-06-17,2.81
75453,2014-06-18,2.81
75453,2014-06-19,2.81
75453,2014-06-20,2.81
75453,2014-06-21,2.86
75453,2014-06-22,2.86
75453,2014-06-23,2.86
75453,2014-06-24,2.86
75453,2014-06-25,2.86
75453,2014-06-26,2.84
75453,2014-06-27,2.95
75453,2014-06-28,3.06
75453,2014-06-29,3.17
75453,2014-06-30,3.21
75453,2014-07-01,3.21
75453,2014-07-02,3.17
75453,2014-07-03,2.96
75453,2014-07-04,2.92
75453,2014-07-05,2.92
75453,2014-07-06,2.92
75453,2014-07-07,2.92
75453,2014-07-08,2.92
75453,2014-07-09,2.88
75453,2014-07-10,2.75
75453,2014-07-11,2.58
75453,2014-07-12,2.38
75453,2014-07-13,2.2
75453,2014-07-14,2.06
75453,2014-07-15,1.98
75453,2014-07-16,1.95
75453,2014-07-17,1.87
75453,2014-07-18,1.77
75453,2014-07-19,1.73
75453,2014-07-20,1.69
75453,2014-07-21,1.66
75453,2014-07-22,1.64
75453,2014-07-23,1.59
75453,2014-07-24,1.59
75453,2014-07-25,1.59
75453,2014-07-26,1.59
75453,2014-07-27,1.6
75453,2014-07-28,1.6
75453,2014-07-29,1.6
75453,2014-07-30,1.6
75453,2014-07-31,1.6
75453,2014-08-01,1.59
75453,2014-08-02,1.52
75453,2014-08-03,1.4
75453,2014-08-04,1.29
75453,2014-08-05,1.14
75453,2014-08-06,1.14
75453,2014-08-07,1.18
75453,2014-08-08,1.18
75453,2014-08-09,1.18
75453,2014-08-10,1.18
75453,2014-08-11,1.18
75453,2014-08-12,1.18
75453,2014-08-13,1.29
75453,2014-08-14,1.35
75453,2014-08-15,1.35
75453,2014-08-16,1.35
75453,2014-08-17,1.4
75453,2014-08-18,1.4
75453,2014-08-19,1.54
75453,2014-08-20,1.74
75453,2014-08-21,2.05
75453,2014-08-22,2.19
75453,2014-08-23,2.23
75453,2014-08-24,1.88
75453,2014-08-25,1.71
75453,2014-08-26,1.66
75453,2014-08-27,1.66
75453,2014-08-28,1.67
75453,2014-08-29,1.67
75453,2014-08-30,1.67
75453,2014-08-31,1.67
75453,2014-09-01,1.67
75453,2014-09-02,1.67
75453,2014-09-03,1.72
75453,2014-09-04,1.72
75453,2014-09-05,1.72
75453,2014-09-06,1.72
75453,2014-09-07,1.72
75453,2014-09-08,1.72
75453,2014-09-09,1.72
75453,2014-09-10,1.72
75453,2014-09-11,1.67
75453,2014-09-12,1.67
75453,2014-09-13,1.67
75453,2014-09-14,1.67
75453,2014-09-15,1.6
75453,2014-09-16,1.6
75453,2014-09-17,1.6
75453,2014-09-18,1.6
75453,2014-09-19,1.6
75453,2014-09-20,1.6
75453,2014-09-21,1.6
75453,2014-09-22,1.55
75453,2014-09-23,1.55
75453,2014-09-24,1.55
75453,2014-09-25,1.55
75453,2014-09-26,1.55
75453,2014-09-27,1.55
75453,2014-09-28,1.55
75453,2014-09-29,1.55
75453,2014-09-30,1.6
75453,2014-10-01,1.64
75453,2014-10-02,1.64
75453,2014-10-03,1.64
75453,2014-10-04,1.64
75453,2014-10-05,1.59
75453,2014-10-06,1.54
75453,2014-10-07,1.48
75453,2014-10-08,1.48
75453,2014-10-09,1.52
75453,2014-10-10,1.52
75453,2014-10-11,1.57
75453,2014-10-12,1.57
75453,2014-10-13,1.6
75453,2014-10-14,1.62
75453,2014-10-15,1.67
75453,2014-10-16,1.71
75453,2014-10-17,1.78
75453,2014-10-18,1.82
75453,2014-10-19,1.88
75453,2014-10-20,1.92
75453,2014-10-21,2.01
75453,2014-10-22,2.22
75453,2014-10-23,2.46
75453,2014-10-24,2.55
75453,2014-10-25,2.53
75453,2014-10-26,2.53
75453,2014-10-27,2.51
75453,2014-10-28,2.44
75453,2014-10-29,2.43
75453,2014-10-30,2.43
75453,2014-10-31,2.41
75453,2014-11-01,2.41
75453,2014-11-02,2.41
75453,2014-11-03,2.41
75453,2014-11-04,2.41
75453,2014-11-05,2.41
75453,2014-11-06,2.43
75453,2014-11-07,2.43
75453,2014-11-08,2.43
75453,2014-11-09,2.43
75453,2014-11-10,2.43
75453,2014-11-11,2.36
75453,2014-11-12,2.37
75453,2014-11-13,2.37
75453,2014-11-14,2.37
75453,2014-11-15,2.37
75453,2014-11-16,2.37
75453,2014-11-17,2.39
75453,2014-11-18,2.39
75453,2014-11-19,2.29
75453,2014-11-20,2.04
75453,2014-11-21,1.89
75453,2014-11-22,1.76
75453,2014-11-23,1.72
75453,2014-11-24,1.72
75453,2014-11-25,1.72
75453,2014-11-26,1.72
75453,2014-11-27,1.72
75453,2014-11-28,1.72
75453,2014-11-29,1.72
75453,2014-11-30,1.72
75453,2014-12-01,1.72
75453,2014-12-02,1.72
75453,2014-12-03,1.72
75453,2014-12-04,1.74
75453,2014-12-05,1.74
75453,2014-12-06,1.74
75453,2014-12-07,1.74
75453,2014-12-08,1.74
75453,2014-12-09,1.72
75453,2014-12-10,1.72
75453,2014-12-11,1.74
75453,2014-12-12,1.74
75453,2014-12-13,1.74
75453,2014-12-14,1.74
75453,2014-12-15,1.74
75453,2014-12-16,1.74
75453,2014-12-17,1.74
75453,2014-12-18,1.74
75453,2014-12-19,1.82
75453,2014-12-20,1.91
75453,2014-12-21,2.33
75453,2014-12-22,2.57
75453,2014-12-23,2.73
75453,2014-12-24,2.74
75453,2014-12-25,2.72
75453,2014-12-26,2.67
75453,2014-12-27,2.41
75453,2014-12-28,2.15
75453,2014-12-29,2.09
75453,2014-12-30,2
75453,2014-12-31,1.95
75453,2015-01-01,1.95
75453,2015-01-02,1.95
75453,2015-01-03,1.95
75453,2015-01-04,1.95
75453,2015-01-05,1.95
75453,2015-01-06,1.95
75453,2015-01-07,2
75453,2015-01-08,2.02
75453,2015-01-09,2.02
75453,2015-01-10,1.96
75453,2015-01-11,1.93
75453,2015-01-12,1.93
75453,2015-01-13,1.93
75453,2015-01-14,1.93
75453,2015-01-15,1.95
75453,2015-01-16,1.95
75453,2015-01-17,1.95
75453,2015-01-18,1.95
75453,2015-01-19,1.9
75453,2015-01-20,1.89
75453,2015-01-21,1.89
75453,2015-01-22,1.92
75453,2015-01-23,1.93
75453,2015-01-24,1.93
75453,2015-01-25,1.89
75453,2015-01-26,1.87
75453,2015-01-27,1.87
75453,2015-01-28,1.87
75453,2015-01-29,1.89
75453,2015-01-30,1.89
75453,2015-01-31,1.89
75453,2015-02-01,1.89
75453,2015-02-02,1.89
75453,2015-02-03,1.92
75453,2015-02-04,1.92
75453,2015-02-05,1.92
75453,2015-02-06,1.92
75453,2015-02-07,1.9
75453,2015-02-08,1.89
75453,2015-02-09,1.87
75453,2015-02-10,1.87
75453,2015-02-11,1.9
75453,2015-02-12,1.89
75453,2015-02-13,1.9
75453,2015-02-14,1.9
75453,2015-02-15,1.9
75453,2015-02-16,1.9
75453,2015-02-17,1.9
75453,2015-02-18,1.89
75453,2015-02-19,1.87
75453,2015-02-20,1.87
75453,2015-02-21,1.89
75453,2015-02-22,1.92
75453,2015-02-23,1.96
75453,2015-02-24,2.04
75453,2015-02-25,2.09
75453,2015-02-26,2.15
75453,2015-02-27,2.22
75453,2015-02-28,2.37
75453,2015-03-01,2.48
75453,2015-03-02,2.59
75453,2015-03-03,2.7
75453,2015-03-04,2.86
75453,2015-03-05,2.99
75453,2015-03-06,3.11
75453,2015-03-07,3.22
75453,2015-03-08,3.36
75453,2015-03-09,5.51
75453,2015-03-10,11.5
75453,2015-03-11,20
75453,2015-03-12,5.45
75453,2015-03-13,8.7
75453,2015-03-14,5.25
75453,2015-03-15,5.25
75453,2015-03-16,5.13
75453,2015-03-17,4.47
75453,2015-03-18,4.34
75453,2015-03-19,4.25
75453,2015-03-20,4.13
75453,2015-03-21,4.1
75453,2015-03-22,4.03
75453,2015-03-23,3.99
75453,2015-03-24,3.96
75453,2015-03-25,3.96
75453,2015-03-26,3.99
75453,2015-03-27,3.92
75453,2015-03-28,3.89
75453,2015-03-29,3.85
75453,2015-03-30,3.85
75453,2015-03-31,3.89
75453,2015-04-01,3.7
75453,2015-04-02,3.61
75453,2015-04-03,3.61
75453,2015-04-04,3.61
75453,2015-04-05,3.52
75453,2015-04-06,3.56
75453,2015-04-07,3.52
75453,2015-04-08,3.48
75453,2015-04-09,3.53
75453,2015-04-10,3.57
75453,2015-04-11,3.57
75453,2015-04-12,3.49
75453,2015-04-13,3.49
75453,2015-04-14,3.47
75453,2015-04-15,3.47
75453,2015-04-16,3.47
75453,2015-04-17,3.37
75453,2015-04-18,3.43
75453,2015-04-19,3.45
75453,2015-04-20,3.39
75453,2015-04-21,3.33
75453,2015-04-22,3.33
75453,2015-04-23,3.47
75453,2015-04-24,3.49
75453,2015-04-25,3.53
75453,2015-04-26,3.41
75453,2015-04-27,3.25
75453,2015-04-28,3.2
75453,2015-04-29,3.2
75453,2015-04-30,3.17
75453,2015-05-01,3.17
75453,2015-05-02,3.2
75453,2015-05-03,3.2
75453,2015-05-04,3.22
75453,2015-05-05,3.41
75453,2015-05-06,3.43
75453,2015-05-07,3.43
75453,2015-05-08,3.41
75453,2015-05-09,3.43
75453,2015-05-10,3.41
75453,2015-05-11,3.27
75453,2015-05-12,3.17
75453,2015-05-13,3.15
75453,2015-05-14,3.15
75453,2015-05-15,3.15
75453,2015-05-16,3.09
75453,2015-05-17,3.41
75453,2015-05-18,3.74
75453,2015-05-19,3.91
75453,2015-05-20,3.91
75453,2015-05-21,3.86
75453,2015-05-22,3.86
75453,2015-05-23,3.83
75453,2015-05-24,3.57
75453,2015-05-25,3.41
75453,2015-05-26,3.37
75453,2015-05-27,3.29
75453,2015-05-28,3.23
75453,2015-05-29,3.19
75453,2015-05-30,3.5
75453,2015-05-31,5.09
75453,2015-06-01,5.24
75453,2015-06-02,4.52
75453,2015-06-03,3.91
75453,2015-06-04,3.42
75453,2015-06-05,3.21
75453,2015-06-06,3.04
75453,2015-06-07,2.87
75453,2015-06-08,2.62
75453,2015-06-09,2.43
75453,2015-06-10,2.27
75453,2015-06-11,2.2
75453,2015-06-12,2.12
75453,2015-06-13,2.05
75453,2015-06-14,2.01
75453,2015-06-15,1.96
75453,2015-06-16,1.96
75453,2015-06-17,1.97
75453,2015-06-18,1.97
75453,2015-06-19,1.99
75453,2015-06-20,1.97
75453,2015-06-21,1.97
75453,2015-06-22,1.96
75453,2015-06-23,1.96
75453,2015-06-24,1.96
75453,2015-06-25,2.08
75453,2015-06-26,2.11
75453,2015-06-27,2.15
75453,2015-06-28,2.18
75453,2015-06-29,2.34
75453,2015-06-30,2.68
75453,2015-07-01,2.75
75453,2015-07-02,2.68
75453,2015-07-03,2.58
75453,2015-07-04,2.53
75453,2015-07-05,2.36
75453,2015-07-06,2.31
75453,2015-07-07,2.25
75453,2015-07-08,2.25
75453,2015-07-09,2.27
75453,2015-07-10,2.27
75453,2015-07-11,2.27
75453,2015-07-12,2.3
75453,2015-07-13,2.32
75453,2015-07-14,2.42
75453,2015-07-15,2.44
75453,2015-07-16,2.46
75453,2015-07-17,2.46
75453,2015-07-18,2.46
75453,2015-07-19,2.37
75453,2015-07-20,2.35
75453,2015-07-21,2.32
75453,2015-07-22,2.32
75453,2015-07-23,2.32
75453,2015-07-24,2.32
75453,2015-07-25,2.32
75453,2015-07-26,2.3
75453,2015-07-27,2.3
75453,2015-07-28,2.28
75453,2015-07-29,2.28
75453,2015-07-30,2.26
75453,2015-07-31,2.21
75453,2015-08-01,2.21
75453,2015-08-02,2.21
75453,2015-08-03,2.19
75453,2015-08-04,2.1
75453,2015-08-05,2.1
75453,2015-08-06,2.1
75453,2015-08-07,2.1
75453,2015-08-08,2.1
75453,2015-08-09,2.1
75453,2015-08-10,2.1
75453,2015-08-11,2.1
75453,2015-08-12,2.06
75453,2015-08-13,2.06
75453,2015-08-14,2.06
75453,2015-08-15,2.06
75453,2015-08-16,1.97
75453,2015-08-17,1.92
75453,2015-08-18,1.9
75453,2015-08-19,1.9
75453,2015-08-20,1.9
75453,2015-08-21,1.88
75453,2015-08-22,1.83
75453,2015-08-23,1.83
75453,2015-08-24,1.83
75453,2015-08-25,1.83
75453,2015-08-26,1.81
75453,2015-08-27,1.81
75453,2015-08-28,1.81
75453,2015-08-29,1.76
75453,2015-08-30,1.74
75453,2015-08-31,1.73
75453,2015-09-01,1.73
75453,2015-09-02,1.72
75453,2015-09-03,1.72
75453,2015-09-04,1.72
75453,2015-09-05,1.69
75453,2015-09-06,1.69
75453,2015-09-07,1.67
75453,2015-09-08,1.67
75453,2015-09-09,1.67
75453,2015-09-10,1.63
75453,2015-09-11,1.63
75453,2015-09-12,1.63
75453,2015-09-13,1.63
75453,2015-09-14,1.62
75453,2015-09-15,1.62
75453,2015-09-16,1.62
75453,2015-09-17,1.62
75453,2015-09-18,1.62
75453,2015-09-19,1.62
75453,2015-09-20,1.62
75453,2015-09-21,1.62
75453,2015-09-22,1.63
75453,2015-09-23,1.63
75453,2015-09-24,1.63
75453,2015-09-25,1.62
75453,2015-09-26,1.62
75453,2015-09-27,1.62
75453,2015-09-28,1.54
75453,2015-09-29,1.47
75453,2015-09-30,1.47
75453,2015-10-01,1.47
75453,2015-10-02,1.47
75453,2015-10-03,1.47
75453,2015-10-04,1.47
75453,2015-10-05,1.47
75453,2015-10-06,1.44
75453,2015-10-07,1.44
75453,2015-10-08,1.44
75453,2015-10-09,1.44
75453,2015-10-10,1.4
75453,2015-10-11,1.4
75453,2015-10-12,1.4
75453,2015-10-13,1.4
75453,2015-10-14,1.4
75453,2015-10-15,1.43
75453,2015-10-16,1.43
75453,2015-10-17,1.43
75453,2015-10-18,1.43
75453,2015-10-19,1.43
75453,2015-10-20,1.43
75453,2015-10-21,1.47
75453,2015-10-22,1.47
75453,2015-10-23,1.47
75453,2015-10-24,1.46
75453,2015-10-25,1.46
75453,2015-10-26,1.49
75453,2015-10-27,1.5
75453,2015-10-28,1.5
75453,2015-10-29,1.53
75453,2015-10-30,1.52
75453,2015-10-31,1.49
75453,2015-11-01,1.51
75453,2015-11-02,1.51
75453,2015-11-03,1.51
75453,2015-11-04,1.51
75453,2015-11-05,1.55
75453,2015-11-06,1.55
75453,2015-11-07,1.55
75453,2015-11-08,1.58
75453,2015-11-09,1.58
75453,2015-11-10,1.58
75453,2015-11-11,1.58
75453,2015-11-12,1.58
75453,2015-11-13,1.58
75453,2015-11-14,1.6
75453,2015-11-15,1.6
75453,2015-11-16,1.6
75453,2015-11-17,1.62
75453,2015-11-18,1.62
75453,2015-11-19,1.62
75453,2015-11-20,1.62
75453,2015-11-21,1.63
75453,2015-11-22,1.65
75453,2015-11-23,1.7
75453,2015-11-24,1.7
75453,2015-11-25,1.7
75453,2015-11-26,1.67
75453,2015-11-27,1.65
75453,2015-11-28,1.69
75453,2015-11-29,1.69
75453,2015-11-30,1.69
75453,2015-12-01,1.69
75453,2015-12-02,1.72
75453,2015-12-03,1.7
75453,2015-12-04,1.68
75453,2015-12-05,1.68
75453,2015-12-06,1.68
75453,2015-12-07,1.81
75453,2015-12-08,1.79
75453,2015-12-09,1.79
75453,2015-12-10,1.78
75453,2015-12-11,1.76
75453,2015-12-12,1.76
75453,2015-12-13,1.76
75453,2015-12-14,1.76
75453,2015-12-15,1.7
75453,2015-12-16,1.7
75453,2015-12-17,1.65
75453,2015-12-18,1.65
75453,2015-12-19,1.71
75453,2015-12-20,1.78
75453,2015-12-21,1.78
75453,2015-12-22,1.79
75453,2015-12-23,1.79
75453,2015-12-24,1.79
75453,2015-12-25,1.86
75453,2015-12-26,1.89
75453,2015-12-27,1.89
75453,2015-12-28,1.85
75453,2015-12-29,1.85
75453,2015-12-30,1.81
75453,2015-12-31,1.78
75453,2016-01-01,2.14
75453,2016-01-02,2.07
75453,2016-01-03,1.83
75453,2016-01-04,1.79
75453,2016-01-05,1.78
75453,2016-01-06,1.65
75453,2016-01-07,1.49
75453,2016-01-08,1.36
75453,2016-01-09,1.28
75453,2016-01-10,1.26
75453,2016-01-11,1.24
75453,2016-01-12,1.36
75453,2016-01-13,1.47
75453,2016-01-14,1.5
75453,2016-01-15,1.47
75453,2016-01-16,1.51
75453,2016-01-17,1.51
75453,2016-01-18,1.51
75453,2016-01-19,1.51
75453,2016-01-20,1.51
75453,2016-01-21,1.51
75453,2016-01-22,1.65
75453,2016-01-23,1.65
75453,2016-01-24,1.65
75453,2016-01-25,1.65
75453,2016-01-26,1.65
75453,2016-01-27,1.65
75453,2016-01-28,1.65
75453,2016-01-29,1.65
75453,2016-01-30,1.65
75453,2016-01-31,1.65
75453,2016-02-01,1.65
75453,2016-02-02,1.65
75453,2016-02-03,1.65
75453,2016-02-04,1.65
75453,2016-02-05,1.56
75453,2016-02-06,1.42
75453,2016-02-07,1.42
75453,2016-02-08,1.38
75453,2016-02-09,1.36
75453,2016-02-10,1.28
75453,2016-02-11,1.27
75453,2016-02-12,1.33
75453,2016-02-13,1.4
75453,2016-02-14,1.41
75453,2016-02-15,1.42
75453,2016-02-16,1.6
75453,2016-02-17,1.87
75453,2016-02-18,2.18
75453,2016-02-19,2.99
75453,2016-02-20,2.86
75453,2016-02-21,2.69
75453,2016-02-22,2.36
75453,2016-02-23,2.12
75453,2016-02-24,2.01
75453,2016-02-25,1.97
75453,2016-02-26,1.92
75453,2016-02-27,1.88
75453,2016-02-28,1.9
75453,2016-02-29,1.84
75453,2016-03-01,1.87
75453,2016-03-02,1.89
75453,2016-03-03,1.91
75453,2016-03-04,2.01
75453,2016-03-05,2.03
75453,2016-03-06,2.55
75453,2016-03-07,3.96
75453,2016-03-08,5.06
75453,2016-03-09,6.17
75453,2016-03-10,10.4
75453,2016-03-11,13.8
75453,2016-03-12,14.5
75453,2016-03-13,13.6
75453,2016-03-14,12.9
75453,2016-03-15,11
75453,2016-03-16,8.98
75453,2016-03-17,7.47
75453,2016-03-18,8.48
75453,2016-03-19,9.11
75453,2016-03-20,7.72
75453,2016-03-21,6.86
75453,2016-03-22,7.23
75453,2016-03-23,5.06
75453,2016-03-24,4.29
75453,2016-03-25,3.85
75453,2016-03-26,3.74
75453,2016-03-27,3.74
75453,2016-03-28,4.62
75453,2016-03-29,5.5
75453,2016-03-30,6.99
75453,2016-03-31,13.1
75453,2016-04-01,33.5
75453,2016-04-02,45.2
75453,2016-04-03,37.7
75453,2016-04-04,32
75453,2016-04-05,24.8
75453,2016-04-06,19.2
75453,2016-04-07,13.4
75453,2016-04-08,11.2
75453,2016-04-09,11
75453,2016-04-10,11.1
75453,2016-04-11,11.2
75453,2016-04-12,9.88
75453,2016-04-13,8.73
75453,2016-04-14,7.35
75453,2016-04-15,6.28
75453,2016-04-16,6.17
75453,2016-04-17,10.4
75453,2016-04-18,15.1
75453,2016-04-19,9.88
75453,2016-04-20,8.86
75453,2016-04-21,7.23
75453,2016-04-22,6.17
75453,2016-04-23,5.84
75453,2016-04-24,5.72
75453,2016-04-25,5.06
75453,2016-04-26,4.51
75453,2016-04-27,4.51
75453,2016-04-28,4.18
75453,2016-04-29,4.29
75453,2016-04-30,4.18
75453,2016-05-01,4.18
75453,2016-05-02,3.74
75453,2016-05-03,3.52
75453,2016-05-04,3.41
75453,2016-05-05,3.52
75453,2016-05-06,3.19
75453,2016-05-07,2.97
75453,2016-05-08,2.97
75453,2016-05-09,2.75
75453,2016-05-10,2.42
75453,2016-05-11,2.53
75453,2016-05-12,2.53
75453,2016-05-13,2.42
75453,2016-05-14,2.42
75453,2016-05-15,2.53
75453,2016-05-16,2.2
75453,2016-05-17,2.2
75453,2016-05-18,2.07
75453,2016-05-19,2.08
75453,2016-05-20,2.18
75453,2016-05-21,2.45
75453,2016-05-22,2.94
75453,2016-05-23,3.58
75453,2016-05-24,4.45
75453,2016-05-25,4.2
75453,2016-05-26,3.73
75453,2016-05-27,3.41
75453,2016-05-28,3.22
75453,2016-05-29,2.9
75453,2016-05-30,2.62
75453,2016-05-31,2.4
75453,2016-06-01,2.4
75453,2016-06-02,2.19
75453,2016-06-03,2.1
75453,2016-06-04,2.07
75453,2016-06-05,2.07
75453,2016-06-06,2.14
75453,2016-06-07,2.23
75453,2016-06-08,2.38
75453,2016-06-09,2.29
75453,2016-06-10,2.38
75453,2016-06-11,2.38
75453,2016-06-12,2.73
75453,2016-06-13,2.95
75453,2016-06-14,2.95
75453,2016-06-15,2.87
75453,2016-06-16,2.78
75453,2016-06-17,2.87
75453,2016-06-18,2.96
75453,2016-06-19,2.81
75453,2016-06-20,2.57
75453,2016-06-21,2.46
75453,2016-06-22,2.34
75453,2016-06-23,2.13
75453,2016-06-24,1.99
75453,2016-06-25,1.93
75453,2016-06-26,1.87
75453,2016-06-27,1.74
75453,2016-06-28,1.82
75453,2016-06-29,1.76
75453,2016-06-30,1.82
75453,2016-07-01,1.71
75453,2016-07-02,1.44
75453,2016-07-03,1.23
75453,2016-07-04,1.04
75453,2016-07-05,0.92
75453,2016-07-06,0.95
75453,2016-07-07,0.98
75453,2016-07-08,1.05
75453,2016-07-09,1.08
75453,2016-07-10,1.11
75453,2016-07-11,1.14
75453,2016-07-12,1.17
75453,2016-07-13,1.24
75453,2016-07-14,1.28
75453,2016-07-15,1.4
75453,2016-07-16,1.48
75453,2016-07-17,1.51
75453,2016-07-18,1.55
75453,2016-07-19,1.63
75453,2016-07-20,1.63
75453,2016-07-21,1.63
75453,2016-07-22,1.74
75453,2016-07-23,1.74
75453,2016-07-24,1.69
75453,2016-07-25,1.66
75453,2016-07-26,1.66
75453,2016-07-27,1.75
75453,2016-07-28,1.71
75453,2016-07-29,1.71
75453,2016-07-30,1.67
75453,2016-07-31,1.58
75453,2016-08-01,1.45
75453,2016-08-02,1.45
75453,2016-08-03,1.42
75453,2016-08-04,1.44
75453,2016-08-05,1.51
75453,2016-08-06,1.58
75453,2016-08-07,1.65
75453,2016-08-08,1.72
75453,2016-08-09,1.8
75453,2016-08-10,1.87
75453,2016-08-11,1.88
75453,2016-08-12,1.94
75453,2016-08-13,2.01
75453,2016-08-14,2.35
75453,2016-08-15,2.7
75453,2016-08-16,3.31
75453,2016-08-17,4.08
75453,2016-08-18,4.61
75453,2016-08-19,4.61
75453,2016-08-20,4.53
75453,2016-08-21,4.38
75453,2016-08-22,4.08
75453,2016-08-23,3.65
75453,2016-08-24,3.29
75453,2016-08-25,3.09
75453,2016-08-26,3.09
75453,2016-08-27,3.09
75453,2016-08-28,2.82
75453,2016-08-29,2.56
75453,2016-08-30,2.43
75453,2016-08-31,2.36
75453,2016-09-01,2.29
75453,2016-09-02,2.29
75453,2016-09-03,2.22
75453,2016-09-04,2.25
75453,2016-09-05,2.32
75453,2016-09-06,2.43
75453,2016-09-07,2.43
75453,2016-09-08,2.47
75453,2016-09-09,2.47
75453,2016-09-10,2.51
75453,2016-09-11,2.43
75453,2016-09-12,2.54
75453,2016-09-13,2.54
75453,2016-09-14,2.5
75453,2016-09-15,2.31
75453,2016-09-16,2.31
75453,2016-09-17,2.42
75453,2016-09-18,2.42
75453,2016-09-19,2.38
75453,2016-09-20,2.46
75453,2016-09-21,2.41
75453,2016-09-22,2.25
75453,2016-09-23,2.36
75453,2016-09-24,2.36
75453,2016-09-25,2.39
75453,2016-09-26,2.39
75453,2016-09-27,2.42
75453,2016-09-28,2.42
75453,2016-09-29,2.46
75453,2016-09-30,2.4
75453,2016-10-01,2.35
75453,2016-10-02,2.41
75453,2016-10-03,2.47
75453,2016-10-04,2.52
75453,2016-10-05,2.49
75453,2016-10-06,2.45
75453,2016-10-07,2.5
75453,2016-10-08,2.75
75453,2016-10-09,2.75
75453,2016-10-10,2.86
75453,2016-10-11,2.86
75453,2016-10-12,2.86
75453,2016-10-13,2.86
75453,2016-10-14,2.86
75453,2016-10-15,2.86
75453,2016-10-16,2.86
75453,2016-10-17,2.75
75453,2016-10-18,2.75
75453,2016-10-19,2.75
75453,2016-10-20,2.75
75453,2016-10-21,2.75
75453,2016-10-22,2.75
75453,2016-10-23,2.75
75453,2016-10-24,2.53
75453,2016-10-25,2.53
75453,2016-10-26,2.53
75453,2016-10-27,2.53
75453,2016-10-28,2.53
75453,2016-10-29,2.53
75453,2016-10-30,2.75
75453,2016-10-31,2.75
75453,2016-11-01,2.75
75453,2016-11-02,2.75
75453,2016-11-03,2.75
75453,2016-11-04,2.75
75453,2016-11-05,2.75
75453,2016-11-06,2.75
75453,2016-11-07,2.86
75453,2016-11-08,3.08
75453,2016-11-09,3.19
75453,2016-11-10,3.3
75453,2016-11-11,3.41
75453,2016-11-12,3.41
75453,2016-11-13,3.52
75453,2016-11-14,3.63
75453,2016-11-15,3.74
75453,2016-11-16,3.74
75453,2016-11-17,3.85
75453,2016-11-18,3.96
75453,2016-11-19,3.96
75453,2016-11-20,4.07
75453,2016-11-21,4.18
75453,2016-11-22,4.07
75453,2016-11-23,3.83
75453,2016-11-24,3.64
75453,2016-11-25,3.56
75453,2016-11-26,3.39
75453,2016-11-27,3.22
75453,2016-11-28,3.14
75453,2016-11-29,2.98
75453,2016-11-30,2.82
75453,2016-12-01,2.66
75453,2016-12-02,2.59
75453,2016-12-03,2.44
75453,2016-12-04,2.3
75453,2016-12-05,2.16
75453,2016-12-06,2.09
75453,2016-12-07,2.03
75453,2016-12-08,1.97
75453,2016-12-09,1.94
75453,2016-12-10,1.94
75453,2016-12-11,1.94
75453,2016-12-12,1.94
75453,2016-12-13,1.94
75453,2016-12-14,2.08
75453,2016-12-15,2.08
75453,2016-12-16,2.08
75453,2016-12-17,2.08
75453,2016-12-18,1.94
75453,2016-12-19,1.87
75453,2016-12-20,1.87
75453,2016-12-21,1.87
75453,2016-12-22,1.8
75453,2016-12-23,1.8
75453,2016-12-24,1.8
75453,2016-12-25,1.73
75453,2016-12-26,1.66
75453,2016-12-27,1.66
75453,2016-12-28,1.66
75453,2016-12-29,1.66
75453,2016-12-30,1.66
75453,2016-12-31,1.66
75453,2017-01-01,1.66
75453,2017-01-02,1.66
75453,2017-01-03,1.94
75453,2017-01-04,2.43
75453,2017-01-05,2.84
75453,2017-01-06,3.12
75453,2017-01-07,3.26
75453,2017-01-08,2.91
75453,2017-01-09,2.63
75453,2017-01-10,2.36
75453,2017-01-11,2.22
75453,2017-01-12,2.15
75453,2017-01-13,2.15
75453,2017-01-14,2.08
75453,2017-01-15,2.15
75453,2017-01-16,2.18
75453,2017-01-17,2.18
75453,2017-01-18,2.18
75453,2017-01-19,2.18
75453,2017-01-20,2.18
75453,2017-01-21,2.15
75453,2017-01-22,1.95
75453,2017-01-23,1.81
75453,2017-01-24,1.81
75453,2017-01-25,1.88
75453,2017-01-26,1.85
75453,2017-01-27,1.78
75453,2017-01-28,1.78
75453,2017-01-29,1.85
75453,2017-01-30,1.78
75453,2017-01-31,1.69
75453,2017-02-01,1.69
75453,2017-02-02,1.69
75453,2017-02-03,1.69
75453,2017-02-04,1.75
75453,2017-02-05,1.75
75453,2017-02-06,1.85
75453,2017-02-07,1.91
75453,2017-02-08,1.85
75453,2017-02-09,1.91
75453,2017-02-10,1.91
75453,2017-02-11,2.08
75453,2017-02-12,2.08
75453,2017-02-13,2.08
75453,2017-02-14,2.14
75453,2017-02-15,2.14
75453,2017-02-16,2.31
75453,2017-02-17,2.31
75453,2017-02-18,2.31
75453,2017-02-19,2.31
75453,2017-02-20,2.24
75453,2017-02-21,2.15
75453,2017-02-22,2.01
75453,2017-02-23,2.01
75453,2017-02-24,2.01
75453,2017-02-25,2.01
75453,2017-02-26,2.05
75453,2017-02-27,2.05
75453,2017-02-28,2.08
75453,2017-03-01,2.15
75453,2017-03-02,2.62
75453,2017-03-03,3.61
75453,2017-03-04,5.33
75453,2017-03-05,8.48
75453,2017-03-06,15.5
75453,2017-03-07,19.2
75453,2017-03-08,24.8
75453,2017-03-09,25.8
75453,2017-03-10,24.4
75453,2017-03-11,23.1
75453,2017-03-12,20.6
75453,2017-03-13,16.4
75453,2017-03-14,12.4
75453,2017-03-15,10.4
75453,2017-03-16,9.24
75453,2017-03-17,10.1
75453,2017-03-18,12.8
75453,2017-03-19,11.7
75453,2017-03-20,11.1
75453,2017-03-21,11.7
75453,2017-03-22,12.6
75453,2017-03-23,19
75453,2017-03-24,20.6
75453,2017-03-25,20.9
75453,2017-03-26,13.6
75453,2017-03-27,11.5
75453,2017-03-28,11.1
75453,2017-03-29,11.7
75453,2017-03-30,11.2
75453,2017-03-31,10.8
75453,2017-04-01,9.5
75453,2017-04-02,7.6
75453,2017-04-03,7.23
75453,2017-04-04,10
75453,2017-04-05,12.4
75453,2017-04-06,11.7
75453,2017-04-07,10
75453,2017-04-08,8.86
75453,2017-04-09,7.84
75453,2017-04-10,7.11
75453,2017-04-11,6.28
75453,2017-04-12,5.28
75453,2017-04-13,5.28
75453,2017-04-14,5.28
75453,2017-04-15,5.17
75453,2017-04-16,5.17
75453,2017-04-17,5.06
75453,2017-04-18,4.84
75453,2017-04-19,4.73
75453,2017-04-20,4.62
75453,2017-04-21,4.62
75453,2017-04-22,4.62
75453,2017-04-23,4.62
75453,2017-04-24,4.62
75453,2017-04-25,4.51
75453,2017-04-26,4.51
75453,2017-04-27,4.51
75453,2017-04-28,4.4
75453,2017-04-29,3.96
75453,2017-04-30,3.74
75453,2017-05-01,3.74
75453,2017-05-02,3.63
75453,2017-05-03,3.41
75453,2017-05-04,3.3
75453,2017-05-05,3.3
75453,2017-05-06,3.19
75453,2017-05-07,3.08
75453,2017-05-08,3.08
75453,2017-05-09,3.08
75453,2017-05-10,3.08
75453,2017-05-11,3.52
75453,2017-05-12,3.52
75453,2017-05-13,3.3
75453,2017-05-14,3.52
75453,2017-05-15,3.52
75453,2017-05-16,3.3
75453,2017-05-17,3.41
75453,2017-05-18,3.41
75453,2017-05-19,3.41
75453,2017-05-20,3.41
75453,2017-05-21,3.41
75453,2017-05-22,3.41
75453,2017-05-23,3.41
75453,2017-05-24,3.41
75453,2017-05-25,3.3
75453,2017-05-26,3.41
75453,2017-05-27,3.41
75453,2017-05-28,3.08
75453,2017-05-29,2.86
75453,2017-05-30,2.86
75453,2017-05-31,2.86
75453,2017-06-01,2.86
75453,2017-06-02,2.86
75453,2017-06-03,2.86
75453,2017-06-04,2.86
75453,2017-06-05,2.86
75453,2017-06-06,2.75
75453,2017-06-07,2.63
75453,2017-06-08,2.55
75453,2017-06-09,2.52
75453,2017-06-10,2.49
75453,2017-06-11,2.49
75453,2017-06-12,2.46
75453,2017-06-13,2.46
75453,2017-06-14,2.43
75453,2017-06-15,2.62
75453,2017-06-16,2.59
75453,2017-06-17,2.59
75453,2017-06-18,2.56
75453,2017-06-19,2.56
75453,2017-06-20,2.53
75453,2017-06-21,2.53
75453,2017-06-22,2.49
75453,2017-06-23,2.46
75453,2017-06-24,2.46
75453,2017-06-25,2.35
75453,2017-06-26,2.32
75453,2017-06-27,2.23
75453,2017-06-28,2.2
75453,2017-06-29,2.01
75453,2017-06-30,2.01
75453,2017-07-01,1.98
75453,2017-07-02,1.95
75453,2017-07-03,1.93
75453,2017-07-04,2.22
75453,2017-07-05,2.34
75453,2017-07-06,2.62
75453,2017-07-07,2.62
75453,2017-07-08,2.88
75453,2017-07-09,3.37
75453,2017-07-10,3.67
75453,2017-07-11,3.61
75453,2017-07-12,3.48
75453,2017-07-13,3.48
75453,2017-07-14,3.43
75453,2017-07-15,3.38
75453,2017-07-16,3.38
75453,2017-07-17,3.6
75453,2017-07-18,3.62
75453,2017-07-19,3.62
75453,2017-07-20,3.62
75453,2017-07-21,3.49
75453,2017-07-22,3.22
75453,2017-07-23,3.09
75453,2017-07-24,3.09
75453,2017-07-25,3.02
75453,2017-07-26,2.97
75453,2017-07-27,2.97
75453,2017-07-28,2.97
75453,2017-07-29,2.97
75453,2017-07-30,2.9
75453,2017-07-31,2.84
75453,2017-08-01,2.79
75453,2017-08-02,2.79
75453,2017-08-03,2.79
75453,2017-08-04,2.79
75453,2017-08-05,2.79
75453,2017-08-06,2.73
75453,2017-08-07,2.73
75453,2017-08-08,2.73
75453,2017-08-09,2.73
75453,2017-08-10,2.6
75453,2017-08-11,2.49
75453,2017-08-12,2.49
75453,2017-08-13,2.49
75453,2017-08-14,2.49
75453,2017-08-15,2.49
75453,2017-08-16,2.49
75453,2017-08-17,2.49
75453,2017-08-18,2.49
75453,2017-08-19,2.49
75453,2017-08-20,2.42
75453,2017-08-21,2.38
75453,2017-08-22,2.32
75453,2017-08-23,2.32
75453,2017-08-24,2.45
75453,2017-08-25,2.51
75453,2017-08-26,2.63
75453,2017-08-27,2.82
75453,2017-08-28,3.01
75453,2017-08-29,3.14
75453,2017-08-30,3.14
75453,2017-08-31,3.07
75453,2017-09-01,3.07
75453,2017-09-02,3.01
75453,2017-09-03,2.88
75453,2017-09-04,2.76
75453,2017-09-05,2.82
75453,2017-09-06,2.88
75453,2017-09-07,2.88
75453,2017-09-08,2.88
75453,2017-09-09,2.7
75453,2017-09-10,2.63
75453,2017-09-11,2.63
75453,2017-09-12,2.57
75453,2017-09-13,2.45
75453,2017-09-14,2.38
75453,2017-09-15,2.38
75453,2017-09-16,2.38
75453,2017-09-17,2.38
75453,2017-09-18,2.32
75453,2017-09-19,2.32
75453,2017-09-20,2.36
75453,2017-09-21,2.36
75453,2017-09-22,2.4
75453,2017-09-23,2.4
75453,2017-09-24,2.31
75453,2017-09-25,2.21
75453,2017-09-26,2.21
75453,2017-09-27,2.25
75453,2017-09-28,2.22
75453,2017-09-29,2.15
75453,2017-09-30,2.18
75453,2017-10-01,2.18
75453,2017-10-02,2.22
75453,2017-10-03,2.25
75453,2017-10-04,2.25
75453,2017-10-05,2.28
75453,2017-10-06,2.32
75453,2017-10-07,2.39
75453,2017-10-08,2.66
75453,2017-10-09,2.66
75453,2017-10-10,2.62
75453,2017-10-11,2.7
75453,2017-10-12,2.73
75453,2017-10-13,2.73
75453,2017-10-14,2.85
75453,2017-10-15,2.85
75453,2017-10-16,2.89
75453,2017-10-17,2.97
75453,2017-10-18,3.01
75453,2017-10-19,3.01
75453,2017-10-20,3.05
75453,2017-10-21,3.05
75453,2017-10-22,3.01
75453,2017-10-23,2.84
75453,2017-10-24,2.68
75453,2017-10-25,2.71
75453,2017-10-26,2.71
75453,2017-10-27,2.57
75453,2017-10-28,2.57
75453,2017-10-29,2.57
75453,2017-10-30,2.69
75453,2017-10-31,2.69
75453,2017-11-01,3.17
75453,2017-11-02,3.17
75453,2017-11-03,3.08
75453,2017-11-04,3.12
75453,2017-11-05,3.21
75453,2017-11-06,3.25
75453,2017-11-07,3.25
75453,2017-11-08,3.29
75453,2017-11-09,3.33
75453,2017-11-10,3.37
75453,2017-11-11,3.41
75453,2017-11-12,3.45
75453,2017-11-13,3.48
75453,2017-11-14,3.52
75453,2017-11-15,3.27
75453,2017-11-16,3.2
75453,2017-11-17,3.45
75453,2017-11-18,3.63
75453,2017-11-19,3.63
75453,2017-11-20,3.85
75453,2017-11-21,3.96
75453,2017-11-22,3.96
75453,2017-11-23,4.18
75453,2017-11-24,4.18
75453,2017-11-25,4.18
75453,2017-11-26,4.18
75453,2017-11-27,4.07
75453,2017-11-28,3.74
75453,2017-11-29,3.52
75453,2017-11-30,3.3
75453,2017-12-01,3.3
75453,2017-12-02,3.3
75453,2017-12-03,3.3
75453,2017-12-04,3.52
75453,2017-12-05,3.52
75453,2017-12-06,3.52
75453,2017-12-07,3.52
75453,2017-12-08,3.52
75453,2017-12-09,3.52
75453,2017-12-10,3.52
75453,2017-12-11,3.52
75453,2017-12-12,3.52
75453,2017-12-13,3.52
75453,2017-12-14,3.85
75453,2017-12-15,4.29
75453,2017-12-16,4.95
75453,2017-12-17,5.61
75453,2017-12-18,6.28
75453,2017-12-19,12.6
75453,2017-12-20,12
75453,2017-12-21,9.24
75453,2017-12-22,8.48
75453,2017-12-23,7.47
75453,2017-12-24,6.86
75453,2017-12-25,6.28
75453,2017-12-26,5.84
75453,2017-12-27,5.28
75453,2017-12-28,5.17
75453,2017-12-29,5.5
75453,2017-12-30,6.06
75453,2017-12-31,6.74
75453,2018-01-01,7.11
75453,2018-01-02,6.99
75453,2018-01-03,6.74
75453,2018-01-04,6.06
75453,2018-01-05,5.95
75453,2018-01-06,6.17
75453,2018-01-07,6.4
75453,2018-01-08,6.4
75453,2018-01-09,6.51
75453,2018-01-10,6.07
75453,2018-01-11,5.46
75453,2018-01-12,5.37
75453,2018-01-13,4.44
75453,2018-01-14,3.69
75453,2018-01-15,3
75453,2018-01-16,2.6
75453,2018-01-17,2.45
75453,2018-01-18,2.4
75453,2018-01-19,2.3
75453,2018-01-20,2.13
75453,2018-01-21,1.98
75453,2018-01-22,2.09
75453,2018-01-23,2.21
75453,2018-01-24,2.16
75453,2018-01-25,1.85
75453,2018-01-26,1.74
75453,2018-01-27,1.71
75453,2018-01-28,1.71
75453,2018-01-29,1.72
75453,2018-01-30,1.77
75453,2018-01-31,1.87
75453,2018-02-01,1.87
75453,2018-02-02,1.87
75453,2018-02-03,2.07
75453,2018-02-04,2.28
75453,2018-02-05,2.28
75453,2018-02-06,2.38
75453,2018-02-07,2.38
75453,2018-02-08,2.33
75453,2018-02-09,2.28
75453,2018-02-10,2.18
75453,2018-02-11,2.07
75453,2018-02-12,2.02
75453,2018-02-13,2.02
75453,2018-02-14,1.97
75453,2018-02-15,1.97
75453,2018-02-16,2.02
75453,2018-02-17,2.02
75453,2018-02-18,2.02
75453,2018-02-19,2.02
75453,2018-02-20,2.07
75453,2018-02-21,2.07
75453,2018-02-22,2.07
75453,2018-02-23,2.07
75453,2018-02-24,2.07
75453,2018-02-25,2.07
75453,2018-02-26,1.97
75453,2018-02-27,1.87
75453,2018-02-28,1.82
75453,2018-03-01,1.82
75453,2018-03-02,1.82
75453,2018-03-03,1.82
75453,2018-03-04,1.82
75453,2018-03-05,1.77
75453,2018-03-06,1.72
75453,2018-03-07,1.72
75453,2018-03-08,1.72
75453,2018-03-09,1.72
75453,2018-03-10,1.72
75453,2018-03-11,1.77
75453,2018-03-12,1.97
75453,2018-03-13,2.02
75453,2018-03-14,2.13
75453,2018-03-15,2.07
75453,2018-03-16,2.07
75453,2018-03-17,2.07
75453,2018-03-18,2.07
75453,2018-03-19,2.07
75453,2018-03-20,2.12
75453,2018-03-21,2.02
75453,2018-03-22,2.01
75453,2018-03-23,2.01
75453,2018-03-24,2.05
75453,2018-03-25,1.99
75453,2018-03-26,2.04
75453,2018-03-27,2.04
75453,2018-03-28,2.08
75453,2018-03-29,2.12
75453,2018-03-30,1.92
75453,2018-03-31,1.78
75453,2018-04-01,1.72
75453,2018-04-02,1.79
75453,2018-04-03,2.29
75453,2018-04-04,3.05
75453,2018-04-05,4.3
75453,2018-04-06,8.35
75453,2018-04-07,17.1
75453,2018-04-08,51
75453,2018-04-09,96.6
75453,2018-04-10,96.6
75453,2018-04-11,89.6
75453,2018-04-12,71.5
75453,2018-04-13,47
75453,2018-04-14,26.8
75453,2018-04-15,18.1
75453,2018-04-16,12.3
75453,2018-04-17,11.1
75453,2018-04-18,12.3
75453,2018-04-19,28.6
75453,2018-04-20,60.3
75453,2018-04-21,50.1
75453,2018-04-22,60.8
75453,2018-04-23,20
75453,2018-04-24,15.1
75453,2018-04-25,11.2
75453,2018-04-26,9.24
75453,2018-04-27,8.22
75453,2018-04-28,7.35
75453,2018-04-29,6.74
75453,2018-04-30,6.4
75453,2018-05-01,6.17
75453,2018-05-02,6.06
75453,2018-05-03,6.06
75453,2018-05-04,6.06
75453,2018-05-05,5.95
75453,2018-05-06,5.17
75453,2018-05-07,4.84
75453,2018-05-08,4.45
75453,2018-05-09,4.11
75453,2018-05-10,3.82
75453,2018-05-11,3.26
75453,2018-05-12,2.93
75453,2018-05-13,2.73
75453,2018-05-14,2.43
75453,2018-05-15,2.18
75453,2018-05-16,2.08
75453,2018-05-17,2.43
75453,2018-05-18,2.7
75453,2018-05-19,3.03
75453,2018-05-20,3.17
75453,2018-05-21,3.17
75453,2018-05-22,2.96
75453,2018-05-23,2.77
75453,2018-05-24,2.56
75453,2018-05-25,2.39
75453,2018-05-26,2.39
75453,2018-05-27,2.35
75453,2018-05-28,2.35
75453,2018-05-29,2.31
75453,2018-05-30,2.11
75453,2018-05-31,1.82
75453,2018-06-01,1.75
75453,2018-06-02,1.72
75453,2018-06-03,1.72
75453,2018-06-04,1.66
75453,2018-06-05,1.63
75453,2018-06-06,1.63
75453,2018-06-07,1.63
75453,2018-06-08,1.6
75453,2018-06-09,1.6
75453,2018-06-10,1.6
75453,2018-06-11,1.57
75453,2018-06-12,1.57
75453,2018-06-13,1.66
75453,2018-06-14,1.66
75453,2018-06-15,1.63
75453,2018-06-16,1.63
75453,2018-06-17,1.6
75453,2018-06-18,1.54
75453,2018-06-19,1.51
75453,2018-06-20,1.51
75453,2018-06-21,1.49
75453,2018-06-22,1.49
75453,2018-06-23,1.46
75453,2018-06-24,1.46
75453,2018-06-25,1.48
75453,2018-06-26,1.48
75453,2018-06-27,1.45
75453,2018-06-28,1.45
75453,2018-06-29,1.42
75453,2018-06-30,1.42
75453,2018-07-01,1.39
75453,2018-07-02,1.39
75453,2018-07-03,1.36
75453,2018-07-04,1.36
75453,2018-07-05,1.45
75453,2018-07-06,1.45
75453,2018-07-07,1.45
75453,2018-07-08,1.45
75453,2018-07-09,1.53
75453,2018-07-10,1.53
75453,2018-07-11,1.53
75453,2018-07-12,1.53
75453,2018-07-13,1.53
75453,2018-07-14,1.53
75453,2018-07-15,1.57
75453,2018-07-16,1.72
75453,2018-07-17,1.82
75453,2018-07-18,1.82
75453,2018-07-19,1.86
75453,2018-07-20,1.96
75453,2018-07-21,2.07
75453,2018-07-22,2.27
75453,2018-07-23,2.32
75453,2018-07-24,2.38
75453,2018-07-25,2.48
75453,2018-07-26,2.48
75453,2018-07-27,2.48
75453,2018-07-28,2.32
75453,2018-07-29,2.16
75453,2018-07-30,2.02
75453,2018-07-31,1.91
75453,2018-08-01,1.91
75453,2018-08-02,1.91
75453,2018-08-03,1.87
75453,2018-08-04,1.87
75453,2018-08-05,1.82
75453,2018-08-06,1.68
75453,2018-08-07,1.68
75453,2018-08-08,1.68
75453,2018-08-09,1.53
75453,2018-08-10,1.53
75453,2018-08-11,1.5
75453,2018-08-12,1.5
75453,2018-08-13,1.5
75453,2018-08-14,1.5
75453,2018-08-15,1.42
75453,2018-08-16,1.37
75453,2018-08-17,1.37
75453,2018-08-18,1.4
75453,2018-08-19,1.4
75453,2018-08-20,1.4
75453,2018-08-21,1.4
75453,2018-08-22,1.44
75453,2018-08-23,1.44
75453,2018-08-24,1.44
75453,2018-08-25,1.44
75453,2018-08-26,1.42
75453,2018-08-27,1.42
75453,2018-08-28,1.42
75453,2018-08-29,1.45
75453,2018-08-30,1.45
75453,2018-08-31,1.45
75453,2018-09-01,1.48
75453,2018-09-02,1.48
75453,2018-09-03,1.48
75453,2018-09-04,1.51
75453,2018-09-05,1.51
75453,2018-09-06,1.54
75453,2018-09-07,1.57
75453,2018-09-08,1.6
75453,2018-09-09,1.63
75453,2018-09-10,1.66
75453,2018-09-11,1.69
75453,2018-09-12,1.72
75453,2018-09-13,1.76
75453,2018-09-14,1.79
75453,2018-09-15,1.82
75453,2018-09-16,1.85
75453,2018-09-17,1.88
75453,2018-09-18,1.84
75453,2018-09-19,1.87
75453,2018-09-20,1.9
75453,2018-09-21,1.93
75453,2018-09-22,1.96
75453,2018-09-23,1.99
75453,2018-09-24,2.02
75453,2018-09-25,2.05
75453,2018-09-26,2.08
75453,2018-09-27,2.11
75453,2018-09-28,2.14
75453,2018-09-29,2.17
75453,2018-09-30,2.12
75453,2018-10-01,2.15
75453,2018-10-02,2.17
75453,2018-10-03,2.2
75453,2018-10-04,2.23
75453,2018-10-05,2.26
75453,2018-10-06,2.29
75453,2018-10-07,2.32
75453,2018-10-08,2.35
75453,2018-10-09,2.4
75453,2018-10-10,2.37
75453,2018-10-11,2.32
75453,2018-10-12,2.28
75453,2018-10-13,2.35
75453,2018-10-14,2.43
75453,2018-10-15,2.53
75453,2018-10-16,2.24
75453,2018-10-17,2.31
75453,2018-10-18,2.31
75453,2018-10-19,2.31
75453,2018-10-20,2.31
75453,2018-10-21,2.31
75453,2018-10-22,2.31
75453,2018-10-23,2.31
75453,2018-10-24,2.31
75453,2018-10-25,2.31
75453,2018-10-26,2.24
75453,2018-10-27,2.24
75453,2018-10-28,2.24
75453,2018-10-29,2.24
75453,2018-10-30,2.24
75453,2018-10-31,2.24
75453,2018-11-01,2.24
75453,2018-11-02,2.24
75453,2018-11-03,2.53
75453,2018-11-04,2.64
75453,2018-11-05,2.75
75453,2018-11-06,2.64
75453,2018-11-07,2.64
75453,2018-11-08,2.64
75453,2018-11-09,2.64
75453,2018-11-10,2.64
75453,2018-11-11,2.64
75453,2018-11-12,2.24
75453,2018-11-13,2.2
75453,2018-11-14,2.2
75453,2018-11-15,2.2
75453,2018-11-16,2.2
75453,2018-11-17,2.2
75453,2018-11-18,2.2
75453,2018-11-19,2.31
75453,2018-11-20,2.31
75453,2018-11-21,2.31
75453,2018-11-22,2.31
75453,2018-11-23,2.31
75453,2018-11-24,2.31
75453,2018-11-25,2.31
75453,2018-11-26,2.2
75453,2018-11-27,2.09
75453,2018-11-28,2
75453,2018-11-29,1.94
75453,2018-11-30,1.89
75453,2018-12-01,1.85
75453,2018-12-02,1.8
75453,2018-12-03,1.8
75453,2018-12-04,1.78
75453,2018-12-05,1.87
75453,2018-12-06,1.87
75453,2018-12-07,1.87
75453,2018-12-08,1.87
75453,2018-12-09,1.87
75453,2018-12-10,1.87
75453,2018-12-11,1.87
75453,2018-12-12,1.87
75453,2018-12-13,1.87
75453,2018-12-14,1.78
75453,2018-12-15,1.78
75453,2018-12-16,1.78
75453,2018-12-17,1.78
75453,2018-12-18,1.78
75453,2018-12-19,1.87
75453,2018-12-20,1.87
75453,2018-12-21,1.87
75453,2018-12-22,1.87
75453,2018-12-23,1.87
75453,2018-12-24,1.87
75453,2018-12-25,1.87
75453,2018-12-26,1.87
75453,2018-12-27,1.87
75453,2018-12-28,1.87
75453,2018-12-29,1.87
75453,2018-12-30,1.81
75453,2018-12-31,1.81
75453,2020-01-01,2.09
75453,2020-01-02,1.98
75453,2020-01-03,1.98
75453,2020-01-04,1.76
75453,2020-01-05,1.76
75453,2020-01-06,1.76
75453,2020-01-07,2.09
75453,2020-01-08,1.98
75453,2020-01-09,1.87
75453,2020-01-10,1.98
75453,2020-01-11,1.87
75453,2020-01-12,1.98
75453,2020-01-13,1.98
75453,2020-01-14,1.98
75453,2020-01-15,1.87
75453,2020-01-16,1.87
75453,2020-01-17,1.98
75453,2020-01-18,2.09
75453,2020-01-19,2.09
75453,2020-01-20,1.98
75453,2020-01-21,1.98
75453,2020-01-22,1.98
75453,2020-01-23,1.98
75453,2020-01-24,1.98
75453,2020-01-25,2.2
75453,2020-01-26,2.2
75453,2020-01-27,2.2
75453,2020-01-28,2.2
75453,2020-01-29,2.09
75453,2020-01-30,2.2
75453,2020-01-31,2.09
75453,2020-02-01,2.09
75453,2020-02-02,2.2
75453,2020-02-03,2.09
75453,2020-02-04,2.09
75453,2020-02-05,2.31
75453,2020-02-06,2.64
75453,2020-02-07,3.24
75453,2020-02-08,3
75453,2020-02-09,2.57
75453,2020-02-10,2.38
75453,2020-02-11,2.28
75453,2020-02-12,2.08
75453,2020-02-13,1.88
75453,2020-02-14,1.88
75453,2020-02-15,1.88
75453,2020-02-16,1.88
75453,2020-02-17,1.78
75453,2020-02-18,1.88
75453,2020-02-19,2.02
75453,2020-02-20,2.17
75453,2020-02-21,2.42
75453,2020-02-22,2.31
75453,2020-02-23,2.31
75453,2020-02-24,2.2
75453,2020-02-25,2.2
75453,2020-02-26,2.2
75453,2020-02-27,2.2
75453,2020-02-28,2.2
75453,2020-02-29,2.42
75453,2020-03-01,2.53
75453,2020-03-02,2.53
75453,2020-03-03,2.53
75453,2020-03-04,2.75
75453,2020-03-05,2.86
75453,2020-03-06,3.3
75453,2020-03-07,3.41
75453,2020-03-08,3.41
75453,2020-03-09,3.52
75453,2020-03-10,3.52
75453,2020-03-11,3.85
75453,2020-03-12,3.85
75453,2020-03-13,4.07
75453,2020-03-14,4.18
75453,2020-03-15,4.29
75453,2020-03-16,3.96
75453,2020-03-17,3.52
75453,2020-03-18,3.41
75453,2020-03-19,3.3
75453,2020-03-20,3.08
75453,2020-03-21,2.97
75453,2020-03-22,2.86
75453,2020-03-23,2.64
75453,2020-03-24,2.53
75453,2020-03-25,2.53
75453,2020-03-26,2.31
75453,2020-03-27,2.42
75453,2020-03-28,2.42
75453,2020-03-29,2.31
75453,2020-03-30,2.53
75453,2020-03-31,2.53
75453,2020-04-01,2.42
75453,2020-04-02,2.31
75453,2020-04-03,1.98
75453,2020-04-04,1.98
75453,2020-04-05,2.09
75453,2020-04-06,2.09
75453,2020-04-07,2.09
75453,2020-04-08,1.98
75453,2020-04-09,1.98
75453,2020-04-10,2.09
75453,2020-04-11,2.09
75453,2020-04-12,1.98
75453,2020-04-13,1.98
75453,2020-04-14,2.09
75453,2020-04-15,2.09
75453,2020-04-16,2.09
75453,2020-04-17,2.2
75453,2020-04-18,2.42
75453,2020-04-19,2.42
75453,2020-04-20,2.53
75453,2020-04-21,2.64
75453,2020-04-22,2.53
75453,2020-04-23,2.53
75453,2020-04-24,2.42
75453,2020-04-25,2.53
75453,2020-04-26,2.31
75453,2020-04-27,2.2
75453,2020-04-28,2.31
75453,2020-04-29,2.31
75453,2020-04-30,2.2
75453,2020-05-01,2.09
75453,2020-05-02,2.2
75453,2020-05-03,2.09
75453,2020-05-04,2.2
75453,2020-05-05,2.09
75453,2020-05-06,2.2
75453,2020-05-07,2.2
75453,2020-05-08,2.42
75453,2020-05-09,2.42
75453,2020-05-10,2.42
75453,2020-05-11,2.64
75453,2020-05-12,2.97
75453,2020-05-13,3.08
75453,2020-05-14,2.97
75453,2020-05-15,3.08
75453,2020-05-16,2.75
75453,2020-05-17,2.53
75453,2020-05-18,2.3
75453,2020-05-19,2.2
75453,2020-05-20,2.13
75453,2020-05-21,2.06
75453,2020-05-22,1.96
75453,2020-05-23,2.06
75453,2020-05-24,1.96
75453,2020-05-25,2.06
75453,2020-05-26,1.96
75453,2020-05-27,2.15
75453,2020-05-28,2.06
75453,2020-05-29,1.96
75453,2020-05-30,2.15
75453,2020-05-31,2.39
75453,2020-06-01,4.9
75453,2020-06-02,5.53
75453,2020-06-03,12.7
75453,2020-06-04,22.2
75453,2020-06-05,58.4
75453,2020-06-06,57.9
75453,2020-06-07,33.5
75453,2020-06-08,18.7
75453,2020-06-09,14.4
75453,2020-06-10,9.88
75453,2020-06-11,8.48
75453,2020-06-12,6.06
75453,2020-06-13,6.28
75453,2020-06-14,11.8
75453,2020-06-15,14
75453,2020-06-16,9.88
75453,2020-06-17,7.47
75453,2020-06-18,6.51
75453,2020-06-19,5.12
75453,2020-06-20,4.3
75453,2020-06-21,3.72
75453,2020-06-22,3.64
75453,2020-06-23,6.04
75453,2020-06-24,3.6
75453,2020-06-25,3.29
75453,2020-06-26,3.1
75453,2020-06-27,3.25
75453,2020-06-28,3.25
75453,2020-06-29,3.12
75453,2020-06-30,2.76
75453,2020-07-01,2.55
75453,2020-07-02,2.43
75453,2020-07-03,2.4
75453,2020-07-04,2.63
75453,2020-07-05,2.68
75453,2020-07-06,2.56
75453,2020-07-07,2.44
75453,2020-07-08,2.57
75453,2020-07-09,2.53
75453,2020-07-10,2.5
75453,2020-07-11,2.39
75453,2020-07-12,2.43
75453,2020-07-13,2.39
75453,2020-07-14,2.36
75453,2020-07-15,2.4
75453,2020-07-16,2.65
75453,2020-07-17,2.6
75453,2020-07-18,2.7
75453,2020-07-19,2.75
75453,2020-07-20,2.71
75453,2020-07-21,2.6
75453,2020-07-22,2.49
75453,2020-07-23,2.38
75453,2020-07-24,2.34
75453,2020-07-25,2.28
75453,2020-07-26,2.24
75453,2020-07-27,2.24
75453,2020-07-28,2.14
75453,2020-07-29,2.1
75453,2020-07-30,2.16
75453,2020-07-31,2.12
75453,2020-08-01,2.12
75453,2020-08-02,2.08
75453,2020-08-03,2.02
75453,2020-08-04,1.98
75453,2020-08-05,1.93
75453,2020-08-06,1.94
75453,2020-08-07,1.89
75453,2020-08-08,1.83
75453,2020-08-09,1.69
75453,2020-08-10,1.69
75453,2020-08-11,1.69
75453,2020-08-12,1.64
75453,2020-08-13,1.65
75453,2020-08-14,1.65
75453,2020-08-15,1.62
75453,2020-08-16,1.58
75453,2020-08-17,1.51
75453,2020-08-18,1.43
75453,2020-08-19,1.43
75453,2020-08-20,1.43
75453,2020-08-21,1.39
75453,2020-08-22,1.34
75453,2020-08-23,1.42
75453,2020-08-24,1.37
75453,2020-08-25,1.42
75453,2020-08-26,1.37
75453,2020-08-27,1.31
75453,2020-08-28,1.31
75453,2020-08-29,1.4
75453,2020-08-30,1.44
75453,2020-08-31,1.44
75453,2020-09-01,1.47
75453,2020-09-02,1.47
75453,2020-09-03,1.45
75453,2020-09-04,1.4
75453,2020-09-05,1.34
75453,2020-09-06,1.29
75453,2020-09-07,1.29
75453,2020-09-08,1.29
75453,2020-09-09,1.27
75453,2020-09-10,1.37
75453,2020-09-11,1.48
75453,2020-09-12,1.53
75453,2020-09-13,1.53
75453,2020-09-14,1.53
75453,2020-09-15,1.56
75453,2020-09-16,1.51
75453,2020-09-17,1.51
75453,2020-09-18,1.62
75453,2020-09-19,1.67
75453,2020-09-20,1.67
75453,2020-09-21,1.72
75453,2020-09-22,1.72
75453,2020-09-23,1.67
75453,2020-09-24,1.62
75453,2020-09-25,1.67
75453,2020-09-26,1.48
75453,2020-09-27,1.32
75453,2020-09-28,1.26
75453,2020-09-29,1.16
75453,2020-09-30,1.1
75453,2020-10-01,1
75453,2020-10-02,1
75453,2020-10-03,0.96
75453,2020-10-04,0.92
75453,2020-10-05,0.92
75453,2020-10-06,0.92
75453,2020-10-07,0.88
75453,2020-10-08,0.92
75453,2020-10-09,0.92
75453,2020-10-10,0.92
75453,2020-10-11,0.92
75453,2020-10-12,0.92
75453,2020-10-13,0.88
75453,2020-10-14,0.88
75453,2020-10-15,0.92
75453,2020-10-16,0.92
75453,2020-10-17,1
75453,2020-10-18,1.05
75453,2020-10-19,1.05
75453,2020-10-20,1.09
75453,2020-10-21,1.09
75453,2020-10-22,1.05
75453,2020-10-23,1.09
75453,2020-10-24,1.09
75453,2020-10-25,1.09
75453,2020-10-26,1.13
75453,2020-10-27,1.09
75453,2020-10-28,1.05
75453,2020-10-29,0.96
75453,2020-10-30,0.96
75453,2020-10-31,0.96
75453,2020-11-01,0.96
75453,2020-11-02,1
75453,2020-11-03,0.96
75453,2020-11-04,0.99
75453,2020-11-05,1.03
75453,2020-11-06,1.12
75453,2020-11-07,1.1
75453,2020-11-08,1.01
75453,2020-11-09,0.99
75453,2020-11-10,1.08
75453,2020-11-11,1.11
75453,2020-11-12,1.09
75453,2020-11-13,1.14
75453,2020-11-14,1.11
75453,2020-11-15,1.14
75453,2020-11-16,1.16
75453,2020-11-17,1.11
75453,2020-11-18,1.09
75453,2020-11-19,1.16
75453,2020-11-20,1.21
75453,2020-11-21,1.27
75453,2020-11-22,1.48
75453,2020-11-23,1.62
75453,2020-11-24,1.82
75453,2020-11-25,2.13
75453,2020-11-26,2.53
75453,2020-11-27,2.53
75453,2020-11-28,2.42
75453,2020-11-29,2.53
75453,2020-11-30,2.75
75453,2020-12-01,2.75
75453,2020-12-02,2.64
75453,2020-12-03,2.97
75453,2020-12-04,3.41
75453,2020-12-05,3.62
75453,2020-12-06,3.8
75453,2020-12-07,3.82
75453,2020-12-08,3.7
75453,2020-12-09,3.5
75453,2020-12-10,3.1
75453,2020-12-11,2.4
75453,2020-12-12,2.11
75453,2020-12-13,1.94
75453,2020-12-14,1.82
75453,2020-12-15,1.91
75453,2020-12-16,1.91
75453,2020-12-17,1.91
75453,2020-12-18,2
75453,2020-12-19,2
75453,2020-12-20,2
75453,2020-12-21,2
75453,2020-12-22,1.91
75453,2020-12-23,2
75453,2020-12-24,1.91
75453,2020-12-25,2
75453,2020-12-26,2
75453,2020-12-27,2
75453,2020-12-28,2
75453,2020-12-29,1.91
75453,2020-12-30,1.82
75453,2020-12-31,1.74
